Track ID,Track Name,Album Name,Artist Name(s),Release Date,Duration (ms),Popularity,Added By,Added At,Genres,Record Label,Danceability,Energy,Key,Loudness,Mode,Speechiness,Acousticness,Instrumentalness,Liveness,Valence,Tempo,Time Signature
1aSGE7H6pkelrCmdzMquEg,"Five Magics","Rust In Peace","Megadeth",1990-01-01,342826,45,z9xc6iyksrgs1p8ekhjqklyyn,2024-11-11T02:41:15Z,"thrash metal,metal,heavy metal,speed metal","Capitol Records",0.258,0.928,9,-10.858,0,0.317,0.0114,0.443,0.307,0.199,174.639,4
4RdpSi00jdvfRLZb3Q1WhB,"Transgender Dysphoria Blues","Transgender Dysphoria Blues","Against Me!",2014-01-21,196400,30,z9xc6iyksrgs1p8ekhjqklyyn,2024-11-11T02:41:15Z,"folk punk,punk,skate punk","Total Treble",0.492,0.937,4,-3.639,1,0.0945,0.000514,0.13,0.204,0.498,104.842,4
5TwX6zzWeK15M0mm6StdLA,"M3 N MIN3","M3 N MIN3","femtanyl,Danny Brown",2024-10-15,131200,55,z9xc6iyksrgs1p8ekhjqklyyn,2024-11-11T02:41:15Z,"breakcore,hyperpop,speedcore,experimental hip hop,alternative hip hop","SpikeChain Records",0.526,0.994,9,-3.224,1,0.233,0.0000733,0.668,0.743,0.352,150.087,4
1i5u28LuH3TddcRfOC7Y8U,"RE RESCUE","RE RESCUE","Reol",2024-10-06,233543,48,z9xc6iyksrgs1p8ekhjqklyyn,2024-11-11T02:41:15Z,"vocaloid,j-pop,j-rock","Sony Music Labels Inc.",0.534,0.97,2,-2.503,1,0.158,0.0155,0,0.38,0.495,94.99,4
71K5XMKY9Q3GWTIVQWrPRj,"Browser History","An Obsession With Kit","Graham Kartna",2013-02-01,139133,52,z9xc6iyksrgs1p8ekhjqklyyn,2024-11-11T02:41:15Z,"","853657 Records DK",0.64,0.756,3,-8.841,1,0.032,0.21,0.84,0.136,0.182,104.995,4
70WFvp0yF9m1asIb60gKcj,"I Fucked Yr Mom","Juno Goes to the Big House","Sorry Mom",2021-04-20,152363,50,z9xc6iyksrgs1p8ekhjqklyyn,2024-11-11T02:41:15Z,"","Brandy Melville Records",0.642,0.643,7,-7.7,1,0.0665,0.148,0.000229,0.226,0.219,164.847,4
5dptcPc81FCiyCPsNvl0qu,"GIRL HELL 1999","GIRL HELL 1999","femtanyl",2023-08-25,145371,58,z9xc6iyksrgs1p8ekhjqklyyn,2024-11-11T02:41:15Z,"breakcore,hyperpop,speedcore","SpikeChain Records",0.508,0.964,7,-4.819,1,0.274,0.0000471,0.0585,0.0915,0.34,174.972,4
5NO5HPCDG8Y0ErpAISWQOJ,"PUSH UR T3MPRR","PUSH UR T3MPRR","femtanyl",2023-07-18,148645,58,z9xc6iyksrgs1p8ekhjqklyyn,2024-11-11T02:41:15Z,"breakcore,hyperpop,speedcore","SpikeChain Records",0.631,0.915,1,0.016,1,0.271,0.0163,0.00048,0.0499,0.473,155.02,4
03p1bgcOw398mneQ9H8891,"as good a reason","Cacophony","Paris Paloma",2024-08-30,169721,60,z9xc6iyksrgs1p8ekhjqklyyn,2024-11-11T02:41:15Z,"","Nettwerk Music Group",0.658,0.766,10,-5.463,0,0.0438,0.0998,0,0.118,0.446,103.973,4
0XWlwlGax87NoRTq4pl1iY,"Dirty Dream","Dirty Dream","Anya Nami",2024-06-14,157333,39,z9xc6iyksrgs1p8ekhjqklyyn,2024-11-11T02:41:15Z,"","The System",0.694,0.606,1,-7.136,0,0.0366,0.75,0.00133,0.19,0.397,89.999,4
4dTM35eH5nmPRZcQ2ltlKr,"Mad IQs","RAZZMATAZZ","I DONT KNOW HOW BUT THEY FOUND ME",2020-10-23,182811,50,z9xc6iyksrgs1p8ekhjqklyyn,2024-11-11T02:41:15Z,"","Fearless Records",0.728,0.7,8,-5.066,0,0.0388,0.0094,0.00000162,0.591,0.936,104.989,4
095t81N10yU8WYZGM6DAC6,"Pink Sand","Chip Heat","EX-LYD",2020-07-26,312017,34,z9xc6iyksrgs1p8ekhjqklyyn,2024-11-11T02:41:15Z,"","Independent",0.523,0.915,4,-7.67,0,0.0484,0.00106,0.393,0.5,0.733,167.973,4
0nObOnIxnz6PlPf04tZh1g,"Honey","K.G.","King Gizzard & The Lizard Wizard",2020-11-20,273854,41,z9xc6iyksrgs1p8ekhjqklyyn,2024-11-11T02:41:15Z,"psychedelic rock,acid rock,psychedelic pop","KGLW (King Gizzard & the Lizard Wizard)",0.575,0.558,11,-10.254,1,0.0321,0.0518,0.276,0.118,0.826,155.894,1
1YNcvRZoNJUjR4opG7Qr9o,"Jump the Turnstile","Summer's Over","Jordana,TV Girl",2021-10-13,222750,60,z9xc6iyksrgs1p8ekhjqklyyn,2024-11-11T02:41:15Z,"","Summer's Over",0.74,0.802,0,-8.342,0,0.0478,0.181,0.819,0.398,0.964,160.014,4
5vRXG939KMWdIPdLRYo9kw,"New Invention","RAZZMATAZZ","I DONT KNOW HOW BUT THEY FOUND ME",2020-10-23,191593,54,z9xc6iyksrgs1p8ekhjqklyyn,2024-11-11T02:41:15Z,"","Fearless Records",0.489,0.854,0,-3.03,1,0.079,0.00842,0.00000406,0.091,0.763,180.138,4
37mfTcSlX60JtAvAETytGs,"Choke","Choke","I DONT KNOW HOW BUT THEY FOUND ME",2018-08-24,195717,65,z9xc6iyksrgs1p8ekhjqklyyn,2024-11-11T02:41:15Z,"","Fearless Records",0.516,0.85,4,-3.909,0,0.0706,0.00139,0,0.296,0.583,120.324,4
0TmyUXS2L6qBjNHSgzg13k,"yoshis island (world 7x7 mix)","alchemist rats beg bashful (remixes)","glass beach,Clover & Sealife",2021-03-05,244131,19,z9xc6iyksrgs1p8ekhjqklyyn,2024-11-11T02:41:15Z,"","Run For Cover Records",0.56,0.915,6,-5.294,0,0.0654,0.0145,0.0372,0.1,0.961,117.899,4
7FOgcfdz9Nx5V9lCNXdBYv,"Red Wine Supernova","The Rise and Fall of a Midwest Princess","Chappell Roan",2023-09-22,192720,82,z9xc6iyksrgs1p8ekhjqklyyn,2024-11-11T02:41:15Z,"","Chappell Roan PS/ Island",0.657,0.82,9,-4.448,1,0.0441,0.0176,0,0.0847,0.709,124.041,4
08FrL2S2aHgXbexMJge9js,"Where Does the DJ Go?","DISCO (Deluxe)","Kylie Minogue",2020-11-06,181680,35,z9xc6iyksrgs1p8ekhjqklyyn,2024-11-11T02:41:15Z,"dance pop","BMG Rights Management (UK) Ltd.",0.771,0.82,6,-4.398,0,0.0593,0.0234,0.00021,0.287,0.736,133.002,4
274tSPavv09i163nBnYrCU,"Kicks","The Attractions Of Youth","Barns Courtney",2017-09-29,195173,55,z9xc6iyksrgs1p8ekhjqklyyn,2024-11-11T02:41:15Z,"gothic country","EMI",0.64,0.83,10,-5.43,0,0.0652,0.129,0,0.29,0.62,95.004,4
7yBjQ29XKxHlxuqycHuvmm,"Wet","Maggot","Dazey and the Scouts",2017-04-13,171575,70,z9xc6iyksrgs1p8ekhjqklyyn,2024-11-11T02:41:15Z,"","16 Entertainment LLC, under exclusive license from Dazey and The Scouts",0.509,0.922,9,-5.597,0,0.0524,0.0167,0.0000126,0.712,0.649,95.921,4
0vf2eBw2inhl8y61cYQMv2,"Devil Town","Cavetown","Cavetown",2015-11-09,179955,71,z9xc6iyksrgs1p8ekhjqklyyn,2024-11-11T02:41:15Z,"bedroom pop","Oat Milk Industries and Many Hats Endeavors",0.576,0.759,3,-8.165,1,0.0599,0.12,0,0.121,0.501,99.969,4
6IPwKM3fUUzlElbvKw2sKl,"we fell in love in october","we fell in love in october / October Passed Me By","girl in red",2018-11-21,184153,83,z9xc6iyksrgs1p8ekhjqklyyn,2024-11-11T02:41:15Z,"bedroom pop","world in red",0.566,0.366,7,-12.808,1,0.028,0.113,0.181,0.155,0.237,129.96,4
5K43AHQPTJTqlyRZ3uBGKz,"A Good Song Never Dies","The Original Motion Picture Soundtrack","Saint Motel",2021-06-25,201013,56,z9xc6iyksrgs1p8ekhjqklyyn,2024-11-11T02:41:15Z,"","Elektra (NEK)",0.682,0.811,2,-3.551,0,0.0433,0.0535,0,0.0703,0.565,119.967,4
7mykoq6R3BArsSpNDjFQTm,"I Really Want to Stay at Your House","Cyberpunk 2077: Radio, Vol. 2 (Original Soundtrack)","Rosa Walton,Hallie Coggins",2020-12-18,246652,74,z9xc6iyksrgs1p8ekhjqklyyn,2024-11-11T02:41:15Z,"","Lakeshore Records",0.49,0.738,3,-7.399,0,0.0367,0.00237,0.00000458,0.0851,0.126,124.966,4
7yMiX7n9SBvadzox8T5jzT,"Clint Eastwood","Gorillaz","Gorillaz",2001,340920,68,z9xc6iyksrgs1p8ekhjqklyyn,2024-11-11T02:41:15Z,"","Parlophone UK",0.663,0.694,10,-8.627,0,0.171,0.0253,0,0.0698,0.525,167.953,4
51rXHuKN8Loc4sUlKPODgH,"King's Dead (with Kendrick Lamar, Future & James Blake)","King's Dead (with Kendrick Lamar, Future & James Blake)","Jay Rock,Kendrick Lamar,Future,James Blake",2018-01-12,229670,68,z9xc6iyksrgs1p8ekhjqklyyn,2024-11-11T02:41:15Z,"hip hop,west coast hip hop,rap","Black Panther (TDE/DMG) PS",0.645,0.705,1,-5.008,1,0.299,0.000813,0,0.128,0.376,137.133,4
7ssKQDHJe7PhzFt0RBFlgt,"Pin","Art Angels","Grimes",2015-11-06,212439,48,z9xc6iyksrgs1p8ekhjqklyyn,2024-11-11T02:41:15Z,"art pop,indietronica","4AD",0.612,0.886,10,-4.696,1,0.0506,0.00569,0.000771,0.286,0.692,141.966,4
0kHwTHf8ye0mSd66pwcrEN,"How You Like Me Now","The House That Dirt Built","The Heavy",2009-10-05,217493,60,z9xc6iyksrgs1p8ekhjqklyyn,2024-11-11T02:41:15Z,"","Counter Records",0.647,0.71,0,-4.692,1,0.029,0.000973,0.703,0.0777,0.268,110.059,4
4xdBrk0nFZaP54vvZj0yx7,"HOT TO GO!","The Rise and Fall of a Midwest Princess","Chappell Roan",2023-09-22,184841,86,z9xc6iyksrgs1p8ekhjqklyyn,2024-11-11T02:41:15Z,"","Chappell Roan PS/ Island",0.742,0.757,6,-4.981,1,0.0421,0.0187,0,0.305,0.957,139.982,4
0WbMK4wrZ1wFSty9F7FCgu,"Good Luck, Babe!","Good Luck, Babe!","Chappell Roan",2024-04-05,218423,92,z9xc6iyksrgs1p8ekhjqklyyn,2024-11-11T02:41:15Z,"","Chappell Roan PS/ Island",0.7,0.582,11,-5.96,0,0.0356,0.0502,0,0.0881,0.785,116.712,4
5N3hjp1WNayUPZrA8kJmJP,"Please Please Please","Please Please Please","Sabrina Carpenter",2024-06-06,186365,84,z9xc6iyksrgs1p8ekhjqklyyn,2024-11-11T02:41:15Z,"","Island Records",0.669,0.586,9,-6.073,1,0.054,0.274,0,0.104,0.579,107.071,4
2qSkIjg1o9h3YT9RAgYN75,"Espresso","Espresso","Sabrina Carpenter",2024-04-12,175459,88,z9xc6iyksrgs1p8ekhjqklyyn,2024-11-11T02:41:15Z,"","Island Records",0.701,0.76,0,-5.478,1,0.0285,0.107,0.0000654,0.185,0.69,103.969,4
4S0zagxseJHOL5ZVnTQA6X,"Playing God","Remember That You Will Die","Polyphia",2022-10-28,205925,60,z9xc6iyksrgs1p8ekhjqklyyn,2024-11-11T02:41:15Z,"math rock,djent,progressive metal,progressive rock","Rise Records",0.601,0.789,4,-6.822,0,0.0328,0.0395,0.812,0.114,0.315,137.06,4
4vwHBxN5OGtUqqUWvWClGd,"757","10,000 gecs","100 gecs",2023-03-17,126426,51,z9xc6iyksrgs1p8ekhjqklyyn,2024-11-11T02:41:15Z,"hyperpop,glitch","Dog Show Records",0.343,0.905,7,-2.829,0,0.539,0.0021,0,0.0984,0.628,200.216,4
6ZZ2zeU4PpDz75fGRgiqbn,"I've Been Everywhere","Country Truckin'","Johnny Cash",2019-03-22,196733,39,z9xc6iyksrgs1p8ekhjqklyyn,2024-11-11T02:41:15Z,"country","UME - Global Clearing House",0.731,0.779,11,-5.884,0,0.066,0.597,0.00000174,0.312,0.817,112.201,4
50u2y4zgROMZq2db8Qx94B,"cold weather","the first glass beach album","glass beach",2019-05-18,138119,51,z9xc6iyksrgs1p8ekhjqklyyn,2024-11-11T02:41:15Z,"","Run For Cover Records",0.341,0.661,10,-4.251,1,0.0335,0.00422,0,0.103,0.675,154.99,4
6OiRh4kttAs1YWglvTcYkB,"Alrighty Aphrodite","Being So Normal","Peach Pit",2018-06-28,207813,63,z9xc6iyksrgs1p8ekhjqklyyn,2024-11-11T02:41:15Z,"","Columbia",0.534,0.724,6,-4.675,0,0.0495,0.00605,0.0929,0.108,0.503,81.846,4
5ruzrDWcT0vuJIOMW7gMnW,"The Adults Are Talking","The New Abnormal","The Strokes",2020-04-10,309053,77,z9xc6iyksrgs1p8ekhjqklyyn,2024-11-11T02:41:15Z,"garage rock,indie rock,alternative rock","Cult Records/RCA Records",0.593,0.749,5,-5.67,1,0.0475,0.0113,0.106,0.314,0.649,164.959,4
2n0U2OG5d6TuW5mKx7YrC0,"Two Birds","Far","Regina Spektor",2009-06-19,195840,70,z9xc6iyksrgs1p8ekhjqklyyn,2024-11-11T02:41:15Z,"","Sire",0.546,0.5,0,-8.881,1,0.0379,0.802,0.00108,0.107,0.449,150.92,4
7B3z0ySL9Rr0XvZEAjWZzM,"Sofia","Immunity","Clairo",2019-08-02,188386,77,z9xc6iyksrgs1p8ekhjqklyyn,2024-11-11T02:41:15Z,"bedroom pop","FADER Label",0.744,0.619,0,-9.805,1,0.039,0.598,0.00372,0.231,0.641,112.997,4
7EkWXAI1wn8Ii883ecd9xr,"Freaks","Freaks","Surf Curse",2021-05-15,147062,83,z9xc6iyksrgs1p8ekhjqklyyn,2024-11-11T02:41:15Z,"indie","Surf Curse",0.345,0.941,9,-9.918,1,0.0466,0.0000384,0.633,0.0511,0.407,179.626,4
4UiAhSACeY0Xt1zOZ9ZnJP,"bathroom community","alchemist rats beg bashful (remixes)","glass beach,Pinkshift",2021-03-05,346743,28,z9xc6iyksrgs1p8ekhjqklyyn,2024-11-11T02:41:15Z,"","Run For Cover Records",0.591,0.717,6,-4.173,1,0.0439,0.108,0,0.0484,0.489,134.963,4
3tgkPvAtm5Pm4io5xKKKYj,"MURDER EVERY 1 U KNOW!","CHASER","femtanyl,takihasdied",2023-08-27,125117,40,z9xc6iyksrgs1p8ekhjqklyyn,2024-11-11T02:41:15Z,"breakcore,hyperpop,speedcore","SpikeChain Records",0.722,0.956,11,0.235,1,0.0736,0.00201,0.268,0.055,0.967,85.065,4
3IX0yuEVvDbnqUwMBB3ouC,"bad idea right?","GUTS","Olivia Rodrigo",2023-09-08,184783,76,z9xc6iyksrgs1p8ekhjqklyyn,2024-11-11T02:41:15Z,"","Olivia Rodrigo PS",0.631,0.881,9,-3.545,1,0.0995,0.00177,0.0000045,0.0639,0.808,129.981,4
7mtVV0E0T1k6KejbjKaBJL,"WEIGHTLESS!","WEIGHTLESS!","femtanyl",2024-04-24,144804,50,z9xc6iyksrgs1p8ekhjqklyyn,2024-11-11T02:41:15Z,"breakcore,hyperpop,speedcore","SpikeChain Records",0.44,0.909,1,-6.008,0,0.0484,0.00189,0.978,0.187,0.388,179.006,3
1w0AFg23E67l57A3RMiXjC,"P3T","P3T","femtanyl",2023-07-03,102857,55,z9xc6iyksrgs1p8ekhjqklyyn,2024-11-11T02:41:15Z,"breakcore,hyperpop,speedcore","SpikeChain Records",0.59,0.998,5,-2.945,1,0.227,0.00157,0.906,0.288,0.403,168.024,4
1sMnIXDRXzUGk1fSPBfcFI,"the CIA","plastic death","glass beach",2024-01-19,282203,36,z9xc6iyksrgs1p8ekhjqklyyn,2024-11-11T02:41:15Z,"","Run For Cover Records",0.303,0.884,4,-4.232,1,0.0806,0.00128,0.00271,0.696,0.463,135.017,4
0s4SBcxkhUzP14eFKrWdEC,"commatose","plastic death","glass beach",2024-01-19,589551,38,z9xc6iyksrgs1p8ekhjqklyyn,2024-11-11T02:41:15Z,"","Run For Cover Records",0.254,0.752,5,-5.655,1,0.0594,0.13,0.0286,0.0964,0.124,145.595,4
5iAE3uBqaZm9aHUx9yy6a0,"KATAMARI","KATAMARI","femtanyl",2023-08-13,158117,61,z9xc6iyksrgs1p8ekhjqklyyn,2024-11-11T02:41:15Z,"breakcore,hyperpop,speedcore","SpikeChain Records",0.626,0.974,1,1.602,1,0.232,0.000478,0.547,0.821,0.763,169.938,4
2ntvY5etas0PYYF5bPujuh,"DINNER!","DINNER!","femtanyl",2023-10-16,136449,56,z9xc6iyksrgs1p8ekhjqklyyn,2024-11-11T02:41:15Z,"breakcore,hyperpop,speedcore","SpikeChain Records",0.5,0.995,10,-4.627,0,0.0813,0.000795,0.475,0.0928,0.885,156.033,4
16ro1is6DmDKkarlJMBbzV,"When It Lands","How to: Friend, Love, Freefall","Rainbow Kitten Surprise",2018-04-06,269053,57,z9xc6iyksrgs1p8ekhjqklyyn,2024-11-11T02:41:15Z,"","Elektra (NEK)",0.727,0.48,5,-9.278,0,0.0987,0.444,0,0.118,0.369,120.025,4
6uuBSo3wXnosEWVXRzZDTf,"Nice Boys","Care","TEMPOREX",2017-01-11,180800,60,z9xc6iyksrgs1p8ekhjqklyyn,2024-11-11T02:41:15Z,"bedroom pop","NBI",0.557,0.672,2,-10.802,1,0.104,0.478,0.803,0.223,0.324,75.108,4
6YGxNa7zjX5xkFSpb22iia,"Bridget","Bridget","Jay Eazy,Hunna G",2024-02-15,125208,21,z9xc6iyksrgs1p8ekhjqklyyn,2024-11-11T02:41:15Z,"","SRG",0.862,0.647,11,-10.284,0,0.424,0.0273,0,0.29,0.602,156.136,4
43iIQbw5hx986dUEZbr3eN,"From The Start","Bewitched","Laufey",2023-09-08,169573,81,z9xc6iyksrgs1p8ekhjqklyyn,2024-11-11T02:41:15Z,"","Laufey",0.554,0.339,1,-10.088,1,0.0779,0.886,0.00128,0.11,0.83,80.994,4
5JdhNgm55RwVD2MmvcHJDU,"Thank God You Introduced Me to Your Sister","Thank God You Introduced Me to Your Sister","Sarah Barrios",2021-07-23,159292,40,z9xc6iyksrgs1p8ekhjqklyyn,2024-11-11T02:41:15Z,"","Visionary Records/Arista",0.705,0.736,8,-4.93,1,0.0319,0.0014,0.00233,0.453,0.91,123.013,4
5zZWKugaE2ZmnZN77HVfUH,"Momentary Bliss (feat. slowthai and Slaves)","Momentary Bliss (feat. slowthai and Slaves)","Gorillaz,slowthai,SOFT PLAY",2020-01-30,221386,32,z9xc6iyksrgs1p8ekhjqklyyn,2024-11-11T02:41:15Z,"grime","Parlophone UK",0.641,0.807,9,-6.73,1,0.239,0.0851,0.0000238,0.64,0.712,158.071,4
7hRgBIc6DHSAup9lH11VNZ,"LEMONS (with Cavetown)","LEMONS (with Cavetown)","Brye,Cavetown",2020-09-09,232844,55,z9xc6iyksrgs1p8ekhjqklyyn,2024-11-11T02:41:15Z,"bedroom pop","Brye",0.624,0.344,4,-10.819,0,0.343,0.673,0,0.267,0.595,158.863,4
3MwUMfuXTpEb1lwu18fLN0,"-FINAL SIGMA-","Σ","Reol",2016-10-19,117706,26,z9xc6iyksrgs1p8ekhjqklyyn,2024-11-11T02:41:15Z,"vocaloid,j-pop,j-rock","TOY'S FACTORY",0.676,0.852,1,-3.672,1,0.324,0.000159,0.00684,0.0792,0.769,128.008,4
1toNKayLMeCcVlsLGXJl7n,"Haunted","Haunted","Laura Les",2021-03-12,102007,62,z9xc6iyksrgs1p8ekhjqklyyn,2024-11-11T02:41:15Z,"hyperpop,glitch","Dog Show Records/Big Beat",0.51,0.817,9,-8.666,1,0.0373,0.000654,0.0344,0.146,0.547,169.481,4
3C5CcBXFEldHfgwDe62zWI,"Black Rainbows","Hawaii: Part II","Miracle Musical",2012-12-12,149948,49,z9xc6iyksrgs1p8ekhjqklyyn,2024-11-11T02:41:15Z,"","ミラクルミュージカル",0.753,0.774,7,-8.086,1,0.0504,0.27,0.576,0.0874,0.924,152.027,4
0L7MpEwFgZRP5rFdXOYaRT,"Labyrinth","Hawaii: Part II","Miracle Musical,Shane MauX,KAYE",2012-12-12,152745,65,z9xc6iyksrgs1p8ekhjqklyyn,2024-11-11T02:41:15Z,"","ミラクルミュージカル",0.496,0.803,1,-6.234,1,0.0497,0.0214,0.000725,0.328,0.317,126.877,5
6VJh72qvdq8P03BtSrNEwU,"Семнадцатилетняя","Как испортить вечеринку?","CUPSIZE",2023-12-22,152182,1,z9xc6iyksrgs1p8ekhjqklyyn,2024-11-11T02:41:15Z,"hyperpop","VK Records",0.389,0.904,5,-6.078,1,0.146,0.000211,0.00089,0.809,0.246,145.031,4
1ZJaZDD8D9SqmBNAXehB6H,"Average Guy (Blame)","Average Guy (Blame)","TV Girl,Monster Rally",2023-11-08,180994,48,z9xc6iyksrgs1p8ekhjqklyyn,2024-11-11T02:41:15Z,"exotica","Monster Rally",0.544,0.784,2,-9.145,1,0.0457,0.0288,0.0316,0.235,0.555,90.501,4
0dAfw35k2hBsnbSl74AVJF,"dashstar*","dashstar*","Knock2",2021-02-05,198095,57,z9xc6iyksrgs1p8ekhjqklyyn,2024-11-11T02:41:15Z,"bass house,edm,bassline,rave","NIGHTMODE",0.699,0.949,9,-2.994,1,0.0739,0.00872,0.328,0.151,0.186,126.07,4
3oIQfBgaruqihkCHokRQZ0,"Rejoice","People Who Can Eat People Are the Luckiest People in the World","AJJ",2007-09-11,195586,1,z9xc6iyksrgs1p8ekhjqklyyn,2024-11-11T02:41:15Z,"folk punk,midwest emo","Asian Man Records",0.486,0.614,0,-7.636,1,0.0374,0.118,0,0.127,0.592,91.147,4
7JOizhmt3HlBgQyJEa0AgK,"Short Change Hero","The House That Dirt Built","The Heavy",2009-10-05,322266,59,z9xc6iyksrgs1p8ekhjqklyyn,2024-11-11T02:41:15Z,"","Counter Records / +1 Records",0.68,0.64,1,-6.691,0,0.0336,0.29,0.00593,0.124,0.738,105.981,4
1MGkSx3lPP5wSBC6CLFit0,"the cat from ipanema","the cat from ipanema","j1gggs",2022-11-12,98914,56,z9xc6iyksrgs1p8ekhjqklyyn,2024-11-11T02:41:15Z,"","3553078 Records DK2",0.852,0.498,0,-11.211,1,0.0614,0.972,0.887,0.0708,0.769,118.004,4
1TWOklya2K7MyOX89PxbvM,"The Hk Slap","The Hk Slap","Print Shoot Repeat",2022-07-12,153333,32,z9xc6iyksrgs1p8ekhjqklyyn,2024-11-11T02:41:15Z,"","Print Shoot Repeat",0.735,0.955,1,-3.551,0,0.29,0.0462,0,0.223,0.444,144.008,4
5zgkOLH6HfY5w8thZoS2jP,"No Wind Resistance!","DMZ","Kinneret",2019-06-28,198922,62,z9xc6iyksrgs1p8ekhjqklyyn,2024-11-11T02:41:15Z,"","Tiny Harp Productions",0.695,0.496,1,-12.199,0,0.0659,0.234,0.00625,0.116,0.49,139.849,4
1SHB1hp6267UK9bJQUxYvO,"Судно (Борис Рижий)","Этажи","Molchat Doma",2018-09-07,141394,71,z9xc6iyksrgs1p8ekhjqklyyn,2024-11-11T02:41:15Z,"sovietwave,post-punk,darkwave,cold wave","Sacred Bones Records",0.484,0.75,1,-4.176,1,0.0685,0.697,0.862,0.105,0.467,159.992,4
5ZBs9dRavxKAS23WT1MwkQ,"コノヨLoading...","Σ","Reol",2016-10-19,205786,46,z9xc6iyksrgs1p8ekhjqklyyn,2024-11-11T02:41:15Z,"vocaloid,j-pop,j-rock","TOY'S FACTORY",0.754,0.988,11,-2.678,0,0.176,0.179,0,0.282,0.906,128.021,4
6cJSXxvl9l94huIUIqsEQo,"Digital Silence","Digital Silence","Peter McPoland",2023-04-07,198026,60,z9xc6iyksrgs1p8ekhjqklyyn,2024-11-11T02:41:15Z,"","Columbia",0.312,0.966,10,-1.431,0,0.123,0.0846,0.00000783,0.235,0.454,89.514,4
0sTlGEld0h8kIPZaKDYUf4,"Notion","Notion","The Rare Occasions",2021-12-02,195120,78,z9xc6iyksrgs1p8ekhjqklyyn,2024-11-11T02:41:15Z,"","Elektra (NEK)",0.309,0.883,9,-3.825,1,0.0808,0.0673,0.00111,0.0849,0.312,159.488,4
6lYY2HktYKpV1pUamfRlU1,"Messages from the Stars","Going Up","The Rah Band",1983,254080,63,z9xc6iyksrgs1p8ekhjqklyyn,2024-11-11T02:41:15Z,"","Shocking Music",0.649,0.821,7,-2.957,1,0.0329,0.0562,0.00271,0.318,0.698,113.489,4
1f37xjUqPlrDvA6MdQoAis,"bloom","bloom","ネクライトーキー",2023-11-18,197237,48,z9xc6iyksrgs1p8ekhjqklyyn,2024-11-11T02:41:15Z,"japanese indie,j-rock,j-pop","Sony Music Labels Inc.",0.559,0.955,11,-1.496,1,0.068,0.0234,0.00011,0.345,0.544,109.998,4
2Ggr9IfS70wYQacW8nZKPG,"labour","labour","Paris Paloma",2023-03-23,237744,73,z9xc6iyksrgs1p8ekhjqklyyn,2024-11-11T02:41:15Z,"","Nettwerk Music Group",0.65,0.574,11,-10.3,0,0.101,0.396,0.000112,0.354,0.441,83.963,4
4vY7JlA1ufbjYvDPxLXRHF,"Extras","Extras","Molly Daisy Scarpine,Arc System Works",2023-12-11,338709,49,z9xc6iyksrgs1p8ekhjqklyyn,2024-11-11T02:41:15Z,"","ARC SYSTEM WORKS",0.513,0.862,7,-7.009,1,0.123,0.00522,0.000175,0.0698,0.361,124.012,4
0zoGVO4bQXG8U6ChKwNgeg,"4:00A.M.","MIGNONNE (Mastered by Bernie Grundman)","Taeko Onuki",1978-09-21,336960,66,z9xc6iyksrgs1p8ekhjqklyyn,2024-11-11T02:41:15Z,"city pop,shibuya-kei,j-pop","Sony Music Direct (Japan) Inc.",0.631,0.644,10,-10.81,0,0.0348,0.341,0.000411,0.0877,0.861,103.376,4
0KyAGiNGUytG5JLxJu4F6l,"Pretty Girl","Pretty Girl","Clairo",2017-08-04,178352,72,z9xc6iyksrgs1p8ekhjqklyyn,2024-11-11T02:41:15Z,"bedroom pop","FADER Label",0.93,0.611,0,-4.406,1,0.0415,0.593,0.00124,0.0592,0.695,112.127,4
1F6IbA7di42uPc3cff8PXV,"Flaming Hot Cheetos","Flaming Hot Cheetos","Clairo",2017-06-14,123884,73,z9xc6iyksrgs1p8ekhjqklyyn,2024-11-11T02:41:15Z,"bedroom pop","FADER Label",0.817,0.551,7,-9.33,0,0.133,0.865,0.000151,0.101,0.142,109.966,4
2xCGBWfzTe8l2kvHpgvB6M,"prom dress","the masquerade","mxmtoon",2019-09-17,197933,6,z9xc6iyksrgs1p8ekhjqklyyn,2024-11-11T02:41:15Z,"bedroom pop,indie pop","House Arrest",0.56,0.674,10,-6.048,1,0.0446,0.698,0,0.123,0.421,119.942,4
0H1iMm1pO61srixV0rGYRe,"ヒビカセ","No title-","Reol",2016-03-18,250551,50,z9xc6iyksrgs1p8ekhjqklyyn,2024-11-11T02:41:15Z,"vocaloid,j-pop,j-rock","TOY'S FACTORY",0.711,0.764,6,-2.308,0,0.203,0.00206,0.000667,0.0538,0.835,139.988,4
0HAqq2GcQKyi3s87GuN7jU,"Amoeba","Sling","Clairo",2021-07-16,228922,71,z9xc6iyksrgs1p8ekhjqklyyn,2024-11-11T02:41:15Z,"bedroom pop","Republic Records",0.739,0.491,6,-11.515,1,0.027,0.791,0.0366,0.1,0.707,111.008,4
4c8TMfsKJIrRgCWs8LCEbQ,"ABC (feat. Sophia Black)","Remember That You Will Die","Polyphia,Sophia Black",2022-10-28,152361,0,z9xc6iyksrgs1p8ekhjqklyyn,2024-11-11T02:41:15Z,"math rock,djent,progressive metal,progressive rock","Rise Records",0.681,0.827,6,-4.051,0,0.0651,0.0553,0,0.299,0.75,140,4
5cct9ToyRPLyfELg3JfWqx,"Daughter of a Cop","French Exit","TV Girl",2014-06-05,153440,61,z9xc6iyksrgs1p8ekhjqklyyn,2024-11-11T02:41:15Z,"","TV Girl",0.721,0.791,7,-7.197,1,0.0295,0.288,0.804,0.11,0.957,103.086,4
0qMZXgcLfkl5RI3q50KHMH,"Dumbest Girl Alive","10,000 gecs","100 gecs",2023-03-17,137440,55,z9xc6iyksrgs1p8ekhjqklyyn,2024-11-11T02:41:15Z,"hyperpop,glitch","Dog Show Records",0.625,0.773,9,-4.809,0,0.178,0.00671,0,0.143,0.258,150.018,4
3txrp0QdO0wiF4yqiofzJv,"The Most Wanted Person In The United States","10,000 gecs","100 gecs",2023-03-17,155800,43,z9xc6iyksrgs1p8ekhjqklyyn,2024-11-11T02:41:15Z,"hyperpop,glitch","Dog Show Records",0.764,0.713,1,-3.736,1,0.0495,0.127,0.005,0.249,0.592,81.98,4
0MMyJUC3WNnFS1lit5pTjk,"jealousy, jealousy","SOUR","Olivia Rodrigo",2021-05-21,173160,79,z9xc6iyksrgs1p8ekhjqklyyn,2024-11-11T02:41:15Z,"","Olivia Rodrigo PS",0.695,0.575,10,-6.334,0,0.116,0.198,0,0.0614,0.699,163.929,4
6gleu3mq7BM5hcpB1gPcge,"Hate Yourself","French Exit","TV Girl",2014-06-05,213760,0,z9xc6iyksrgs1p8ekhjqklyyn,2024-11-11T02:41:15Z,"","TV Girl",0.643,0.891,9,-4.404,1,0.0322,0.642,0.0853,0.119,0.886,95.814,4
75RqgGRONW5IYe9DbnLUko,"Dream Away","Dream Away","KWINI",2020-09-07,249685,22,z9xc6iyksrgs1p8ekhjqklyyn,2024-11-11T02:41:15Z,"","KWINI",0.499,0.903,6,-4.74,0,0.0777,0.0749,0.0000819,0.389,0.606,127.51,4
6KfoDhO4XUWSbnyKjNp9c4,"Maniac","Kid Krow","Conan Gray",2020-03-20,185773,75,z9xc6iyksrgs1p8ekhjqklyyn,2024-11-11T02:41:15Z,"","Republic Records",0.628,0.639,8,-5.46,1,0.0435,0.00162,0,0.354,0.493,108.045,4
6eoQPNPGH5Qa30JHHV5QV1,"Night Eyes","Fever Dream","The Orion Experience",2021-10-22,238775,40,z9xc6iyksrgs1p8ekhjqklyyn,2024-11-11T02:41:15Z,"","Sweet! Records",0.675,0.862,9,-4.349,0,0.028,0.00509,0.000016,0.274,0.617,108.004,4
77G0k1La0c5Dw8bAFANcyp,"Sports","Sports","Beach Bunny",2018-01-01,164165,14,z9xc6iyksrgs1p8ekhjqklyyn,2024-11-11T02:41:15Z,"","Mom+Pop",0.231,0.877,9,-5.278,1,0.0574,0.000653,0.026,0.0694,0.524,186.142,4
1jJci4qxiYcOHhQR247rEU,"Kids","Oracular Spectacular","MGMT",2007-12-14,302840,78,z9xc6iyksrgs1p8ekhjqklyyn,2024-11-11T02:41:15Z,"indie,indietronica","Red Ink/Columbia",0.451,0.931,9,-3.871,1,0.0719,0.00076,0.0049,0.361,0.172,122.961,4
7FbrGaHYVDmfr7KoLIZnQ7,"Cupid - Twin Ver.","The Beginning: Cupid","FIFTY FIFTY",2023-02-24,174253,33,z9xc6iyksrgs1p8ekhjqklyyn,2024-11-11T02:41:15Z,"k-pop","WM Korea",0.783,0.592,11,-8.332,0,0.0331,0.435,0.00000415,0.347,0.726,120.018,4
2KBYPTSTHjYYOPACrFTkPy,"Punk Tactics","Punk Tactics","Joey Valence & Brae",2022-04-15,143552,1,z9xc6iyksrgs1p8ekhjqklyyn,2024-11-11T02:41:15Z,"","Joey Valence & Brae",0.513,0.974,1,-1.113,0,0.508,0.0159,0,0.0712,0.503,195.767,4
013nR3DQWmklB6Bc43UXB9,"edibles","atari (deluxe)","reptilelegit",2021-08-20,124769,17,z9xc6iyksrgs1p8ekhjqklyyn,2024-11-11T02:41:15Z,"meme rap","ReptileLegit",0.762,0.683,0,-8.774,1,0.19,0.0383,0,0.0922,0.85,159.976,4
0Oqc0kKFsQ6MhFOLBNZIGX,"Doin' Time","Norman Fucking Rockwell!","Lana Del Rey",2019-08-30,202192,76,z9xc6iyksrgs1p8ekhjqklyyn,2024-11-11T02:41:15Z,"","Polydor Records",0.641,0.559,7,-11.132,0,0.0355,0.404,0.00402,0.0937,0.523,144.982,4
5ARVelhkMyLfWaUKmjjK4p,"Keep Your Rifle by Your Side - Choir Version","Far Cry 5 Presents: When the World Falls (Original Game Soundtrack)","The Hope County Choir",2018-03-27,175570,45,z9xc6iyksrgs1p8ekhjqklyyn,2024-11-11T02:41:15Z,"sea shanties","Ubisoft Music",0.708,0.46,1,-10.038,1,0.0302,0.822,0,0.0811,0.782,101.063,4
0DwVfCYLrVXgvejYbWwZAd,"Break It Off","Break It Off","PinkPantheress",2021-06-04,95317,61,z9xc6iyksrgs1p8ekhjqklyyn,2024-11-11T02:41:15Z,"bedroom pop","Parlophone UK",0.544,0.888,6,-5.003,0,0.116,0.00311,0.0000078,0.076,0.746,171.69,4
37ebs6hDGOWK8SDAB2kZG5,"Friction","Smoke + Mirrors (Deluxe)","Imagine Dragons",2015-10-23,201813,45,z9xc6iyksrgs1p8ekhjqklyyn,2024-11-11T02:41:15Z,"","Kid Ina Korner / Interscope",0.65,0.548,8,-8.767,1,0.0357,0.0406,0.0426,0.292,0.289,103.949,4
6vqBH5sqd2Evzz8SSTHqE1,"hai domo","hai domo","Coa White",2023-01-01,63251,40,z9xc6iyksrgs1p8ekhjqklyyn,2024-11-11T02:41:15Z,"hyperpop","coa white",0.698,0.919,6,-3.565,1,0.391,0.288,0,0.745,0.845,148.436,4
29zRKUVmgWz2kHQntGeXhm,"Hai Domo","Hai Domo","Cao White",2020-01-07,104594,0,z9xc6iyksrgs1p8ekhjqklyyn,2024-11-11T02:41:15Z,"","Cao White",0.715,0.91,8,-4.762,1,0.338,0.181,0.00000149,0.628,0.889,74.397,3
0WKmVAD4VWk5EdTyCFILi4,"Needs","Needs","Verzache",2018-02-14,177479,51,z9xc6iyksrgs1p8ekhjqklyyn,2024-11-11T02:41:15Z,"","Zach Farache",0.813,0.601,11,-7.552,0,0.116,0.189,0.0002,0.426,0.855,118.981,4
1pNUmVxDiE8t6P1XxcZAv8,"Scrawny","Nothing Happens","Wallows",2019-03-22,166520,63,z9xc6iyksrgs1p8ekhjqklyyn,2024-11-11T02:41:15Z,"indie","Atlantic Records",0.639,0.816,6,-5.28,0,0.0485,0.000985,0.0604,0.141,0.802,138.008,4
29HlBiU0YHQep1L4xTLjua,"Hai Domo - Extended","Hai Domo (Remixes)","Cao White",2023-01-02,212457,0,z9xc6iyksrgs1p8ekhjqklyyn,2024-11-11T02:41:15Z,"","Cao White",0.727,0.704,6,-12.143,1,0.398,0.161,0,0.231,0.823,148.212,4
1xADYlM5rjnbJvAW2tc0qF,"Ain't No Grave","American VI: Ain't No Grave","Johnny Cash",2010-01-01,173266,56,z9xc6iyksrgs1p8ekhjqklyyn,2024-11-11T02:41:15Z,"country","American Recordings Catalog P&D",0.52,0.35,9,-10.713,0,0.052,0.894,0.000778,0.0895,0.39,79.647,4
4s6LhHAV5SEsOV0lC2tjvJ,"California Dreamin' - Single Version","If You Can Believe Your Eyes & Ears","The Mamas & The Papas",1966-03,162373,77,z9xc6iyksrgs1p8ekhjqklyyn,2024-11-11T02:41:15Z,"folk rock","Geffen*",0.552,0.608,1,-9.786,0,0.0345,0.352,0,0.0533,0.637,112.367,4
6jXPZid0KLorvgIDP6TiSo,"God's Gonna Cut You Down","American V: A Hundred Highways","Johnny Cash",2006-01-01,158573,66,z9xc6iyksrgs1p8ekhjqklyyn,2024-11-11T02:41:15Z,"country","American Recordings Catalog P&D",0.618,0.484,5,-8.229,0,0.127,0.875,0.0000431,0.115,0.834,82.317,4
3gY7vwLyXH2vt1zjIyVA2a,"No Wonder I","Circular Doorway","LAKE",2013-08-13,187588,38,z9xc6iyksrgs1p8ekhjqklyyn,2024-11-11T02:41:15Z,"","Cathedral Sounds",0.59,0.384,3,-12.195,1,0.0316,0.576,0.00291,0.105,0.56,72.539,4
6MpCaSIOfqBqbMED4kXgNY,"Prom Queen","Prom Queen","Beach Bunny",2018-08-10,136562,20,z9xc6iyksrgs1p8ekhjqklyyn,2024-11-11T02:41:15Z,"","Mom+Pop",0.528,0.797,4,-7.487,1,0.0485,0.000391,0.011,0.14,0.751,143.785,4
7yiOte1eSM0npbr8sEIuzs,"The Town Inside Me","The Town Inside Me","AISHA,Arc System Works",2022-09-21,257950,50,z9xc6iyksrgs1p8ekhjqklyyn,2024-11-11T02:41:15Z,"","ARC SYSTEM WORKS",0.587,0.67,8,-4.673,1,0.165,0.242,0,0.238,0.547,167.957,4
75MALmx6EHZ9YLUaqRqa23,"I Wish I Was A Riot Grrrl","Punk Rocks For Kids Who Can't Skate","Destructo Disk",2018-08-01,145002,0,z9xc6iyksrgs1p8ekhjqklyyn,2024-11-11T02:41:15Z,"","Destructo Disk :)",0.453,0.791,1,-5.276,1,0.0752,0.0147,0,0.131,0.562,170.238,4
2IRjyyiU5P9WnmXJKcnwww,"It's Called: Freefall","It's Called: Freefall","Paris Paloma",2022-07-22,158297,64,z9xc6iyksrgs1p8ekhjqklyyn,2024-11-11T02:41:15Z,"","Nettwerk Music Group",0.684,0.129,6,-15.007,1,0.0518,0.908,0.0000021,0.182,0.299,93.775,4
58VTP6KnZs12PcAj5rMJ4W,"the fruits","the fruits","Paris Paloma",2022-04-29,209698,66,z9xc6iyksrgs1p8ekhjqklyyn,2024-11-11T02:41:15Z,"","Nettwerk Music Group",0.404,0.0641,7,-22.394,0,0.0381,0.909,0.00237,0.282,0.0791,77.675,4
0wKCqsj4BtBeCWdghRCXIf,"White Wine Red Lies","Red Wine and White Lies","Hairu Tokyo,Landon Ori,Yng Dee",2021-09-04,207804,40,z9xc6iyksrgs1p8ekhjqklyyn,2024-11-11T02:41:15Z,"","Halfway Famous",0.752,0.83,11,-2.711,0,0.151,0.0487,0,0.101,0.707,162.855,4
1Mf27cnAF1Q6Ko83XTM5d1,"Glitter & Gold","The Attractions Of Youth","Barns Courtney",2017-09-29,176093,67,z9xc6iyksrgs1p8ekhjqklyyn,2024-11-11T02:41:15Z,"gothic country","EMI",0.487,0.625,8,-5.112,1,0.0401,0.374,0,0.226,0.351,170.397,4
4ASZdm6CLLu0BnId42l5Gz,"Good Girls (Don't Get Used)","Good Girls (Don't Get Used)","Beach Bunny",2020-11-30,215402,0,z9xc6iyksrgs1p8ekhjqklyyn,2024-11-11T02:41:15Z,"","Tugboat Records",0.667,0.901,8,-4.221,1,0.0515,0.0178,0.000654,0.0814,0.713,150.058,4
6tPLIurCFf9MAGYvba94ub,"Dead To Me","Dead To Me","Chloe Adams",2022-02-25,153222,42,z9xc6iyksrgs1p8ekhjqklyyn,2024-11-11T02:41:15Z,"","Chloe Adams",0.859,0.405,4,-6.359,0,0.133,0.0179,0.126,0.108,0.646,134.937,4
6SRsiMl7w1USE4mFqrOhHC,"brutal","SOUR","Olivia Rodrigo",2021-05-21,143746,74,z9xc6iyksrgs1p8ekhjqklyyn,2024-11-11T02:41:15Z,"","Olivia Rodrigo PS",0.672,0.526,4,-6.446,1,0.0599,0.0311,0.00000137,0.28,0.28,123.999,4
0TEekvXTomKt3hdXDZxxeW,"Ribs","Pure Heroine (Extended)","Lorde",2013-01-01,258969,1,z9xc6iyksrgs1p8ekhjqklyyn,2024-11-11T02:41:15Z,"","Universal Music New Zealand Limited",0.511,0.472,4,-9.277,1,0.091,0.534,0.614,0.11,0.0399,127.978,4
1SJ2ndZrIfBttZ9UfF3YS0,"Halo Theme Mjolnir Mix","Halo 2, Vol. 1 (Original Soundtrack)","Martin O'Donnell,Michael Salvatori",2004-11-09,251493,0,z9xc6iyksrgs1p8ekhjqklyyn,2024-11-11T02:41:15Z,"soundtrack","Skill Tree Records",0.239,0.85,11,-8.514,0,0.0601,0.00873,0.886,0.109,0.0734,93.659,3
0HBrtXJohbIW4IhPZ50GmH,"The Bidding","Marvin's Marvelous Mechanical Museum","Tally Hall",2005-10-24,160613,67,z9xc6iyksrgs1p8ekhjqklyyn,2024-11-11T02:41:15Z,"","Tally Hall",0.538,0.607,9,-5.261,0,0.216,0.248,0.00000554,0.0999,0.515,175.424,4
63vL5oxWrlvaJ0ayNaQnbX,"Istanbul (Not Constantinople)","Flood","They Might Be Giants",1990-01-02,153813,63,z9xc6iyksrgs1p8ekhjqklyyn,2024-11-11T02:41:15Z,"","Rhino",0.688,0.748,5,-9.39,0,0.0377,0.0801,0.00453,0.136,0.892,114.144,4
4HwvUa2CQcIFT1mfz6we1X,"Red Line","Red Line","Geordie Kieffer",2020-01-08,181534,1,z9xc6iyksrgs1p8ekhjqklyyn,2024-11-11T02:41:15Z,"","+1 Records",0.767,0.653,2,-5.393,1,0.0936,0.0539,0.000247,0.206,0.733,98.014,4
0bKHrxpyzhtxh0Qev2gYBe,"Tatted On My Face (feat. 37 Heartbreak)","Cyberpunk 2077: Radio, Vol. 3 (Original Soundtrack)","Konrad OldMoney,Don Mara,37 Heartbreak",2020-12-25,185829,34,z9xc6iyksrgs1p8ekhjqklyyn,2024-11-11T02:41:15Z,"","Lakeshore Records",0.87,0.881,8,-4.706,0,0.181,0.178,0.00184,0.111,0.762,93.99,4
5YhyG5A82Lk5K0V9bcatlo,"Likewise","Cyberpunk 2077: Radio, Vol. 3 (Original Soundtrack)","RAT BOY,IBDY",2020-12-25,133891,47,z9xc6iyksrgs1p8ekhjqklyyn,2024-11-11T02:41:15Z,"","Lakeshore Records",0.598,0.836,5,-5.787,0,0.0453,0.0325,0.397,0.357,0.367,99.976,4
4mn5HdatHKN7iFGDes9G8i,"Who's Ready for Tomorrow","Cyberpunk 2077: Radio, Vol. 2 (Original Soundtrack)","RAT BOY,IBDY",2020-12-18,116161,66,z9xc6iyksrgs1p8ekhjqklyyn,2024-11-11T02:41:15Z,"","Lakeshore Records",0.751,0.74,9,-6.016,1,0.045,0.152,0.0000575,0.0873,0.788,138.066,4
3P6OwCX7Ofiaaqtvujb6i5,"Sixteen Tons","Vintage Collections","Tennessee Ernie Ford",1997-01-01,158306,53,z9xc6iyksrgs1p8ekhjqklyyn,2024-11-11T02:41:15Z,"christian country","Capitol Nashville",0.693,0.324,11,-15.085,1,0.205,0.796,0,0.246,0.382,144.14,4
2QjOHCTQ1Jl3zawyYOpxh6,"Sweater Weather","I Love You.","The Neighbourhood",2013-04-22,240400,89,z9xc6iyksrgs1p8ekhjqklyyn,2024-11-11T02:41:15Z,"","Columbia",0.612,0.807,10,-2.81,1,0.0336,0.0495,0.0177,0.101,0.398,124.053,4
780FG6uMy30vT4DrNLAO3W,"Be Gay, Do Drugs, Hail Satan","Be Gay, Do Drugs, Hail Satan","Super Cassette",2020-08-21,177937,43,z9xc6iyksrgs1p8ekhjqklyyn,2024-11-11T02:41:15Z,"","Dad Shirt Records",0.376,0.674,2,-8.315,1,0.0338,0.00903,0.000258,0.377,0.391,80.011,4
1zyGFId8xHOcRmCmehrwlc,"I Can't Decide","Ta-Dah","Scissor Sisters",2006-01-01,166573,63,z9xc6iyksrgs1p8ekhjqklyyn,2024-11-11T02:41:15Z,"","Polydor Records",0.69,0.795,3,-4.956,1,0.0312,0.255,0,0.202,0.872,96.99,4
7fqhrLJzKHJ0RW32N0y2Gp,"Spirit In The Sky","Spirit In The Sky","Norman Greenbaum",1969-01-01,242893,0,z9xc6iyksrgs1p8ekhjqklyyn,2024-11-11T02:41:15Z,"classic rock","Varese Sarabande",0.537,0.606,2,-7.048,1,0.0347,0.0939,0.00559,0.11,0.582,128.73,4
215wUTQQUo2PElJFEFoB0d,"Wheel in the Sky","Infinity","Journey",1978,252240,62,z9xc6iyksrgs1p8ekhjqklyyn,2024-11-11T02:41:15Z,"album rock,classic rock","Columbia/Legacy",0.442,0.745,2,-8.623,0,0.0741,0.084,0.0000218,0.136,0.368,105.184,4
4WZb6UurjjVs2W6ClgwirI,"Hell Broke Luce","Bad As Me (Deluxe Edition Remastered)","Tom Waits",2011-10-25,236066,41,z9xc6iyksrgs1p8ekhjqklyyn,2024-11-11T02:41:15Z,"dark cabaret,singer-songwriter","Anti/Epitaph",0.617,0.995,0,-5.922,1,0.145,0.546,0.0000801,0.282,0.298,80.017,4
4jvD24BuaKyDBC8IMtKa9H,"your text","your text","sundial",2016-10-26,197333,43,z9xc6iyksrgs1p8ekhjqklyyn,2024-11-11T02:41:15Z,"","Epic Network Music",0.751,0.688,1,-8.475,1,0.216,0.167,0.00112,0.417,0.675,90.07,4
3Ie4Z4383kqZEQHNLprjMK,"We Are Beautiful, We Are Doomed - Remastered","We Are Beautiful, We Are Doomed (Remastered Edition)","Los Campesinos!",2008-10-27,234066,30,z9xc6iyksrgs1p8ekhjqklyyn,2024-11-11T02:41:15Z,"","Arts & Crafts Productions Inc.",0.291,0.793,2,-6.434,1,0.0946,0.00504,0.000606,0.304,0.51,163.078,4
7BY005dacJkbO6EPiOh2wb,"House Of The Rising Sun","The Animals","The Animals",1964-01-01,271280,69,z9xc6iyksrgs1p8ekhjqklyyn,2024-11-11T02:41:15Z,"classic rock","ABKCO Music & Records, Inc.",0.295,0.584,9,-6.696,0,0.0345,0.000385,0.218,0.0996,0.228,117.2,3
4B6XjmOWI55np7y4MUTXDu,"La Seine - Extrait de la bande originale un monstre à Paris","Best Of & Variations","Vanessa Paradis,-M-",2019-11-29,167520,61,z9xc6iyksrgs1p8ekhjqklyyn,2024-11-11T02:41:15Z,"variété française,chanson,french pop,french house","Universal Music Division Barclay",0.736,0.667,2,-7.901,0,0.0307,0.43,0.0000442,0.0992,0.4,113.062,4
6rmQtRRS7JQ5WUCUEFPMx1,"Maybach","Maybach","Lewis Hanton",2019-06-12,174497,0,z9xc6iyksrgs1p8ekhjqklyyn,2024-11-11T02:41:15Z,"","Asian Group",0.685,0.229,5,-20.287,0,0.0365,0.652,0.202,0.109,0.131,132.284,4
25AvaE23MXl06YRtQcQoJS,"Welcome to the Internet","Inside (The Songs)","Bo Burnham",2021-06-10,275999,0,z9xc6iyksrgs1p8ekhjqklyyn,2024-11-11T02:41:15Z,"comedy","Bo Burnham",0.665,0.527,2,-8.588,0,0.429,0.663,0,0.306,0.219,94.711,3
2zPcVDSpYNVKQ5c7jR7MXj,"summer depression","summer depression","girl in red",2018-03-03,151693,5,z9xc6iyksrgs1p8ekhjqklyyn,2024-11-11T02:41:15Z,"bedroom pop","world in red",0.691,0.306,9,-15.651,1,0.0544,0.632,0.479,0.108,0.62,129.929,4
2TmUt0ofWMa02MdYkKhK4C,"Pigstep (Stereo Mix)","Minecraft: Nether Update (Original Game Soundtrack)","Lena Raine,Minecraft",2020-06-05,149647,57,z9xc6iyksrgs1p8ekhjqklyyn,2024-11-11T02:41:15Z,"soundtrack","Microsoft Studios Music",0.617,0.919,4,-2.879,0,0.0556,0.249,0.0976,0.282,0.529,113.175,5
29VdNzgJIxzlIDkIYjFQqS,"Life Letters","Life Letters","Never Get Used To People",2018-12-07,148040,64,z9xc6iyksrgs1p8ekhjqklyyn,2024-11-11T02:41:15Z,"","A+",0.441,0.692,10,-4.945,0,0.12,0.843,0.00000157,0.0981,0.417,92.304,4
4NzlpYVrTYG1eo8BCu3MLB,"East Bound and Down","East Bound and Down","Jerry Reed",1977-08-01,168466,59,z9xc6iyksrgs1p8ekhjqklyyn,2024-11-11T02:41:15Z,"country","RCA/Legacy",0.514,0.941,7,-8.118,1,0.061,0.526,0.00000976,0.163,0.716,120.795,4
2vWBUC9djv6BtiGlmKiQaH,"YKWIM?","Bipolar","Yot Club",2019-05-31,212750,78,z9xc6iyksrgs1p8ekhjqklyyn,2024-11-11T02:41:15Z,"bedroom pop","Yot Club under exclusive license to Amuseio AB",0.372,0.537,9,-7.623,1,0.0305,0.937,0.873,0.287,0.228,123.735,3
2vT4Xvrd9xuWUi56RQ2sqo,"I / Me / Myself","The Normal Album","Will Wood",2020-07-10,291715,0,z9xc6iyksrgs1p8ekhjqklyyn,2024-11-11T02:41:15Z,"dark cabaret","Say-10",0.48,0.954,11,-5.273,0,0.0584,0.165,0.00000514,0.807,0.762,172.016,4
4jd13hFvWAZKZpomQleZ8L,"2econd 2ight 2eer (that was fun, goodbye.)","The Normal Album","Will Wood",2020-07-10,206500,58,z9xc6iyksrgs1p8ekhjqklyyn,2024-11-11T02:41:15Z,"dark cabaret","Will Wood",0.577,0.962,0,-5.304,1,0.0554,0.0526,0.0000282,0.103,0.701,150.02,4
3QSjVPObHxuAJc3E5nrjRn,"VILLAIN","ALL OUT","K/DA,Madison Beer,Kim Petras,League of Legends",2020-11-06,199125,68,z9xc6iyksrgs1p8ekhjqklyyn,2024-11-11T02:41:15Z,"k-pop","Riot Games",0.653,0.634,5,-5.875,0,0.0391,0.0232,0,0.0908,0.306,160.013,4
4zg2zMNSI0W8ipGA32kKp5,"The Cult of Dionysus","Cosmicandy","The Orion Experience",2007,185306,0,z9xc6iyksrgs1p8ekhjqklyyn,2024-11-11T02:41:15Z,"","Sweet!",0.66,0.854,1,-3.728,0,0.029,0.00739,0,0.0334,0.822,137.498,4
1xl3AuutgtES9NlHCgcKQN,"Welcome to Tally Hall","Marvin's Marvelous Mechanical Museum","Tally Hall",2005-10-24,310560,46,z9xc6iyksrgs1p8ekhjqklyyn,2024-11-11T02:41:15Z,"","Tally Hall",0.714,0.785,4,-6.682,1,0.278,0.111,0.0000153,0.31,0.54,101.088,4
1eNrlXlW7Cj1QB1YUcZmpb,"Campus","Vampire Weekend","Vampire Weekend",2008-01-29,176466,56,z9xc6iyksrgs1p8ekhjqklyyn,2024-11-11T02:41:15Z,"indie,baroque pop","XL Recordings",0.639,0.704,7,-5.818,1,0.0659,0.22,0.0872,0.0849,0.645,162.983,4
6NG2IIXZfC5Notpz0GIODU,"The Ketchup Song (Aserejé) - Spanish Version","Aserejé (The Ketchup Song)","Las Ketchup",2002,213000,60,z9xc6iyksrgs1p8ekhjqklyyn,2024-11-11T02:41:15Z,"","Sony Music Publishing Spain",0.602,0.947,1,-5.642,1,0.115,0.00842,0.0000641,0.123,0.883,184.976,4
2Y0iGXY6m6immVb2ktbseM,"Little Dark Age","Little Dark Age","MGMT",2018-02-09,299960,75,z9xc6iyksrgs1p8ekhjqklyyn,2024-11-11T02:41:15Z,"indie,indietronica","Columbia",0.705,0.712,6,-6.156,1,0.0385,0.0102,0.000855,0.1,0.62,97.512,4
7jVH8CXr0MSpGheHOjN4NA,"SUICIDE YEAR","SUICIDE YEAR","WEEDMANE,Suicideyear",2019-08-04,91731,0,z9xc6iyksrgs1p8ekhjqklyyn,2024-11-11T02:41:15Z,"phonk,drift phonk","WEEDMANE & Suicideyear",0.78,0.898,11,-5.393,1,0.0426,0.221,0.00283,0.11,0.278,128.214,4
0jA4h2SD50Oak4C3Vn905a,"Not Allowed","Who Really Cares","TV Girl",2016-02-25,167864,1,z9xc6iyksrgs1p8ekhjqklyyn,2024-11-11T02:41:15Z,"","TV Girl",0.67,0.905,1,-6.855,1,0.129,0.669,0.000227,0.349,0.563,104.965,4
3x9WAJIEhsY8Eg5lwu1Z4A,"Multiply (feat. Nate Dogg)","Man VS Machine","Xzibit,Nate Dogg",2002-10-01,248106,35,z9xc6iyksrgs1p8ekhjqklyyn,2024-11-11T02:41:15Z,"west coast hip hop,gangster rap,g-funk,hardcore hip hop,hip hop","Columbia",0.915,0.719,11,-6.411,0,0.161,0.0285,0,0.0444,0.799,97.614,4
3Cx4yrFaX8CeHwBMReOWXI,"We Didn't Start the Fire","Storm Front","Billy Joel",1989-10-17,287733,73,z9xc6iyksrgs1p8ekhjqklyyn,2024-11-11T02:41:15Z,"soft rock","Columbia",0.712,0.967,7,-5.206,1,0.047,0.0771,0,0.356,0.895,145.024,4
4IvZLDtwBHmBmwgDIUbuwa,"Here Comes Your Man","Doolittle","Pixies",1989-04-17,201186,69,z9xc6iyksrgs1p8ekhjqklyyn,2024-11-11T02:41:15Z,"alternative rock","4AD",0.669,0.795,2,-10.865,1,0.0285,0.00772,0.0781,0.401,0.882,124.594,4
1Tr4K5MU5XYE44umXGDndd,"Once in a Lifetime","Remain in Light","Talking Heads",1980-10-08,259600,54,z9xc6iyksrgs1p8ekhjqklyyn,2024-11-11T02:41:15Z,"new wave,post-punk","Warner Records",0.646,0.88,2,-7.753,1,0.0637,0.0623,0.157,0.355,0.802,116.916,4
7plzB2nNi0hQXdA2MrvE69,"Killshot","Killshot","Sad Night Dynamite",2020-09-10,227796,17,z9xc6iyksrgs1p8ekhjqklyyn,2024-11-11T02:41:15Z,"","Parlophone UK",0.585,0.702,8,-5.372,1,0.0353,0.0213,0.0265,0.213,0.327,89.976,4
1qRA5BS78u3gME0loMl9AA,"For What It's Worth","Buffalo Springfield","Buffalo Springfield",1966-12-05,153693,77,z9xc6iyksrgs1p8ekhjqklyyn,2024-11-11T02:41:15Z,"folk rock,country rock","Rhino/Elektra",0.653,0.519,2,-10.164,1,0.0497,0.406,0.0209,0.101,0.822,98.883,4
22TntnVO3lQNDR5nsvxGRs,"Achilles Come Down","Go Farther In Lightness","Gang of Youths",2017-08-18,422146,65,z9xc6iyksrgs1p8ekhjqklyyn,2024-11-11T02:41:15Z,"","Mosy Music",0.223,0.523,0,-9.281,0,0.0466,0.435,0.283,0.225,0.15,179.83,3
2grjqo0Frpf2okIBiifQKs,"September","The Best Of Earth, Wind & Fire Vol. 1","Earth, Wind & Fire",1978-11-23,215093,72,z9xc6iyksrgs1p8ekhjqklyyn,2024-11-11T02:41:15Z,"disco","Columbia/Legacy",0.697,0.832,9,-7.264,1,0.0298,0.168,0.00131,0.269,0.979,125.926,4
3DamFFqW32WihKkTVlwTYQ,"Fireflies","Ocean Eyes","Owl City",2009-01-01,228346,76,z9xc6iyksrgs1p8ekhjqklyyn,2024-11-11T02:41:15Z,"","Universal Records",0.512,0.662,3,-6.797,1,0.0439,0.0275,0,0.118,0.472,180.114,4
4BP3uh0hFLFRb5cjsgLqDh,"Fortunate Son","Willy And The Poor Boys (Expanded Edition)","Creedence Clearwater Revival",1969-11-02,140773,82,z9xc6iyksrgs1p8ekhjqklyyn,2024-11-11T02:41:15Z,"classic rock,southern rock,country rock","Craft Recordings",0.64,0.663,0,-7.516,1,0.0374,0.201,0.00806,0.152,0.663,132.77,4
0APAKxMXB7jdDs4kw1l30y,"OK","OK","Wallows",2020-03-20,193293,61,z9xc6iyksrgs1p8ekhjqklyyn,2024-11-11T02:41:15Z,"indie","Atlantic Records",0.72,0.625,7,-6.274,1,0.0362,0.0112,0.0076,0.0999,0.818,102.006,4
57RA3JGafJm5zRtKJiKPIm,"Are You Bored Yet? (feat. Clairo)","Nothing Happens","Wallows,Clairo",2019-03-22,178000,79,z9xc6iyksrgs1p8ekhjqklyyn,2024-11-11T02:41:15Z,"indie,bedroom pop","Atlantic Records",0.682,0.683,8,-6.444,0,0.0287,0.156,0.0000232,0.273,0.64,120.023,4
4MmO631CdxuFOm18UVbhkp,"Fun Tonight","CHAM!","Macross 82-99",2015-10-21,162461,51,z9xc6iyksrgs1p8ekhjqklyyn,2024-11-11T02:41:15Z,"vaporwave,city pop,j-dance","Banana Network",0.612,0.938,10,-7.253,0,0.0562,0.0000251,0.717,0.329,0.595,129.994,4
76YGvWy36ftupwff9SCl7J,"『82.99 F.M』","A Millions Miles Away","Macross 82-99",2014-05-07,150260,0,z9xc6iyksrgs1p8ekhjqklyyn,2024-11-11T02:41:15Z,"vaporwave,city pop,j-dance","Neon City Records",0.559,0.905,6,-5.362,0,0.15,0.0155,0.00283,0.316,0.822,114.83,4
3uhJllxR54wXP82uVAJbcg,"Cats on Mars","COWBOY BEBOP Vitaminless","SEATBELTS",1998-06-03,165706,49,z9xc6iyksrgs1p8ekhjqklyyn,2024-11-11T02:41:15Z,"bebop,anime","SUNRISE Music Label",0.838,0.469,0,-11.001,1,0.0447,0.141,0.056,0.0932,0.969,134.93,4
3hffjZSoljsXsMOyq36Tmm,"Scarlet Fire","Innovations in Booty Shaking Music, Vol. 1","Otis McDonald",2018-03-02,142915,35,z9xc6iyksrgs1p8ekhjqklyyn,2024-11-11T02:41:15Z,"jazz funk","1beatRecords",0.612,0.811,4,-6.355,1,0.0643,0.00602,0.206,0.243,0.904,174.109,4
2kNmLJdgeTLPKUkvuSbn5g,"Bloom","Offering","j^p^n",2015-05-27,137406,0,z9xc6iyksrgs1p8ekhjqklyyn,2024-11-11T02:41:15Z,"lo-fi","EveryDejaVu",0.471,0.495,6,-10.605,1,0.419,0.874,0.000247,0.188,0.556,139.794,4
0Xy6zzsJDYftYlCy7v7vMS,"Omae Wa Mou - Tiny Little Adiantum Remix","Omae Wa Mou (Tiny Little Adiantum Remix)","deadman 死人,Shibayan",2020-02-14,113548,0,z9xc6iyksrgs1p8ekhjqklyyn,2024-11-11T02:41:15Z,"anime,bossa nova,shibuya-kei,vocaloid","big huge major record label industry plant recordz",0.728,0.67,7,-12.226,1,0.0647,0.569,0.798,0.102,0.701,93.008,4
0AQquaENerGps8BQmbPw14,"Big Iron","Gunfighter Ballads And Trail Songs","Marty Robbins",1959,235733,67,z9xc6iyksrgs1p8ekhjqklyyn,2024-11-11T02:41:15Z,"","Columbia/Legacy",0.726,0.474,1,-7.834,0,0.0491,0.803,0,0.258,0.57,116.027,4
6UFivO2zqqPFPoQYsEMuCc,"Bags","Immunity","Clairo",2019-08-02,260519,77,z9xc6iyksrgs1p8ekhjqklyyn,2024-12-03T12:56:19Z,"bedroom pop","FADER Label",0.742,0.546,1,-7.694,1,0.0315,0.172,0.38,0.115,0.868,104.996,4
2sVjF25Z4JTJxi9BXm5GtJ,"ACT RIGHT","ACT RIGHT","femtanyl",2023-07-10,144000,51,z9xc6iyksrgs1p8ekhjqklyyn,2024-12-03T20:20:38Z,"breakcore,hyperpop,speedcore","SpikeChain Records",0.481,0.899,2,-2.299,1,0.141,0.0000776,0.000134,0.149,0.242,189.913,4
3EN9EFQHqDSLoNXAOkJzlJ,"Grindhouse","MG Ultra","Machine Girl",2024-10-18,243666,46,z9xc6iyksrgs1p8ekhjqklyyn,2024-12-07T02:38:14Z,"breakcore,speedcore,hyperpop,jungle","Future Classic",0.565,0.938,3,-4.65,0,0.177,0.014,0.00202,0.211,0.588,145.002,4
1d6aomUofe8RZ1uhhru3bz,"Motherfather","MG Ultra","Machine Girl",2024-10-18,217160,40,z9xc6iyksrgs1p8ekhjqklyyn,2025-01-07T04:31:01Z,"breakcore,speedcore,hyperpop,jungle","Future Classic",0.331,0.876,9,-5.004,1,0.0842,0.00237,0.000939,0.094,0.223,151.866,4
4IporixSO0oOYOtrjo3BRU,"Hot Lizard","MG Ultra","Machine Girl",2024-10-18,212706,42,z9xc6iyksrgs1p8ekhjqklyyn,2025-01-22T01:31:51Z,"breakcore,speedcore,hyperpop,jungle","Future Classic",0.586,0.955,7,-4.07,1,0.173,0.0104,0.00648,0.361,0.396,109.98,4
