game,id,hours,last_played,metascore,userscore,wilsonscore,sdbrating,userscore_count,release_date,win,mac,linux,steam deck,captions available,co-op any,commentary available,controller support any,cross-platform multiplayer,early access,family sharing,full controller support,geforce now,has_demo,hdr available,in-app purchases,includes level editor,includes source sdk,lan co-op,lan pvp,mmo,multiplayer any,online co-op,online pvp,partial controller support,ps4 controllers,ps5 controllers,remote play any,remote play on phone,remote play on tablet,remote play on tv,remote play together,shared/split screen co-op,shared/split screen pvp,single-player,stats,steam achievements,steam cloud,steam input api,steam leaderboards,steam timeline,steam trading cards,steam workshop,steamvr collectibles,tracked controller support,wsgf 4k,wsgf mm,wsgf uw,wsgf ws,1980s,1990's,2.5d,2d,2d fighter,2d platformer,3d,3d fighter,3d platformer,4 player local,4x,6dof,abstract,action,action roguelike,action rpg,action-adventure,addictive,adventure,agriculture,aliens,alternate history,america,animation & modeling,anime,arcade,archery,arena shooter,artificial intelligence,assassin,atmospheric,base building,battle royale,beat 'em up,beautiful,blood,board game,building,bullet hell,bullet time,card game,cartoon,cartoony,casual,character action game,character customization,choices matter,choose your own adventure,cinematic,city builder,class-based,classic,co-op,co-op campaign,cold war,collectathon,colorful,combat,comedy,competitive,conspiracy,controller,conversation,cooking,crafting,creature collector,crime,cult classic,cute,cyberpunk,dark,dark fantasy,dark humor,dating sim,demons,design & illustration,destruction,detective,difficult,dinosaurs,diplomacy,driving,dungeon crawler,dwarf,dystopian,early access,economy,education,emotional,esports,experimental,exploration,extraction shooter,family friendly,fantasy,farming sim,fast-paced,female protagonist,fighting,first-person,fishing,flight,fps,free to play,funny,futuristic,game development,games workshop,gaming,gore,grand strategy,great soundtrack,gun customization,hack and slash,hand-drawn,heist,hentai,hero shooter,historical,horror,horses,immersive sim,indie,investigation,isometric,jet,jrpg,kickstarter,level editor,lgbtq+,life sim,local co-op,local multiplayer,logic,loot,looter shooter,lore-rich,lovecraftian,magic,management,martial arts,massively multiplayer,mature,mechs,medieval,memes,metroidvania,military,minigames,minimalist,mining,mmorpg,moba,mod,moddable,modern,mouse only,movie,multiplayer,multiple endings,music,music-based procedural generation,mystery,nature,naval,naval combat,noir,nonlinear,nostalgia,nsfw,nudity,old school,on-rails shooter,online co-op,open world,open world survival craft,parkour,parody,party,party game,perma death,philosophical,photo editing,physics,pirates,pixel graphics,platformer,point & click,political,political sim,politics,post-apocalyptic,precision platformer,procedural generation,programming,psychedelic,psychological,psychological horror,puzzle,puzzle platformer,pve,pvp,quick-time events,racing,real time tactics,real-time with pause,realistic,relaxing,remake,replay value,resource management,retro,rhythm,robots,roguelike,roguelite,rpg,rpgmaker,rts,runner,sailing,sandbox,sci-fi,science,score attack,sequel,sexual content,shoot 'em up,shooter,short,side scroller,silent protagonist,simulation,singleplayer,sniper,social deduction,software,sokoban,souls-like,soundtrack,space,spaceships,spectacle fighter,split screen,sports,stealth,story rich,strategy,strategy rpg,stylized,superhero,supernatural,surreal,survival,survival horror,swordplay,tabletop,tactical,tanks,team-based,third person,third-person shooter,thriller,time management,time manipulation,time travel,top-down,top-down shooter,touch-friendly,tower defense,trackir,trading,trains,transhumanism,transportation,trivia,turn-based,turn-based strategy,turn-based tactics,tutorial,underwater,utilities,vehicular combat,villain protagonist,violent,visual novel,voxel,vr,walking simulator,war,wargame,western,world war ii,zombies
ACE COMBAT™ 7: SKIES UNKNOWN,502500,13.6833333333333,,78,87,87,85,37148,2019-01-31,x,,,x,,,,x,,,x,x,,,,,,,,,,x,,x,,x,,,,,,,,,x,,x,x,,,,x,,,,,,,,,,,,,,x,,,,,,,x,,,,,,,,,,,,x,,,,,,,,,,,,,,,,,,,,,,,x,,,,,,,,,,,,,,,,,,,,,,,,,,,,,,,,,,,,,,,,,,,,,,,,,,,x,,x,,,,,,,,,,x,,,,,,,,,,,,,,x,,,,,,,,,,,,,,,,,,,,,,x,,,,,,,,,,,x,,,,,,,,,,,,,,,,,,,,,,,,,,,,,,,,,,,,,,,,,,,x,,,,,x,,,,,,,,,,,,,,,,x,,,,,,x,,,x,x,x,,,,,,,,,,,,,x,,,,,,,,,,,,,,x,,,,,,,,,,,,,,,,,,,,,,,,,,,,,x,,,,
Aimlabs,714010,1.3,,,92,92,91,120472,2023-06-16,x,,,x,,,,x,,,,x,,,,,,,,,,x,,,,,,,,,,,,,x,x,x,,,x,,,x,,,,,,,,,,,,,,,,,,,,x,,,,,x,,,,,,,,,,,,,,,,,,,,,,,,,x,,,,,,,,,,,,,,,,x,,,,,,,,,,,,,,,,,,,x,,,,,,,x,,,,x,,,,,,,x,,,x,,,x,x,,,,,,,,,,,,,,,,,,,x,,,,,,,,,,,,,,,,,,,,,,,,,,,,,,,,,,,,x,,,,,,,,,,,,,,,,,,,,,,,,,,,,,,,,,,,,,,,,,,,,,,,,,,,,,,,,,,,,,,,,,,x,,,,x,,,,x,x,x,,,,,,,,,,,,,,,,,,,,,,,x,,,,x,,,,,,,,,,,,,,,,,,,,,,,,,,,,,,,,
Among Us,945360,18.2833333333333,,85,92,92,91,611714,2018-11-16,x,,,x,,x,,x,x,,x,x,x,,,,,,x,x,,x,x,x,,,,x,x,x,,,,,,,x,,,,,,,,,,,,,,,,x,,,,,,,,,,x,,,,,,,x,,,,,,,,,,,,,,,,,,,,,,x,x,,,,,,,,,x,,,,x,,,,,,,,,,,,,,,,,,,,,,,,,,,,,,,,,,,,,,,,,,,,,,,,x,,,,,,,,,,,,,,,,,,,,,,,,,,,,x,,,,,,,,,,,,,,,,x,,,,,,,,,,x,,,,,,,,,,,,,,,x,,,,,,x,,,,,,,,,,,,,,,,,x,,,,,x,,,,,,,,,,,,,,,,,,,,,x,,,,,,,,,,,,,x,,,,,x,,,,,,,,,,,,,x,,,,,,,,,,,,,x,,,,,,,,,,,,,,,,,,,,,,,,,,,
Aperture Desk Job,1902490,0.883333333333333,,,94,94,92,23085,2022-03-01,x,,x,x,,,,x,,,,x,,,,,,,,,,,,,,x,x,,,,,,,,x,,,,x,,,,,,,,,,,,,,,,,x,,,,,,,x,,,,,x,,,,,,,,,,x,,,,,,,,,,,,,,,x,,,,,x,,,,,,,,,,x,,,x,,,,,,,,,,,,,,,,,,,,,,,,,,,,,,,,x,,,,,,x,,,,x,x,,,,,,,,,,,,,,,,,,,,,,,,,,,,,,,,,,,,,,,,,,,,,,,,,,,,,,,,,,,,,,,,,,,,x,,,,,,,,,,,,,,,,,,,,,,,,,,,,,,,,,,,,,,,,,x,,,,,,,,,,,,,,,x,x,,,x,x,,,,,,,,,,,,,x,,,,,,,,,,,,,,,,,,,,,,,,,,,,,,,,,,,,,,,,,x,,,,,,
Aperture Tag: The Paint Gun Testing Initiative,280740,1.03333333333333,,,82,81,80,6124,2014-07-15,x,x,x,x,x,x,x,x,,,x,,,,,,x,x,,,,,,,x,,,,,,,,,,x,,,x,,,,x,x,,,,,,,,,,,,,,,,,,,,x,,,,,x,,,,,,,,,,,,x,,,,,,,,,,,,,x,,,,,,,,,x,,,,,,x,,,,,,,,,,,,,,,,,,,,,,,,,,,,,,,,,,,,,,,x,,x,,,x,,x,,,,,,,x,,,,,,,,,,,x,,,,,,x,,,,,,,,,,,,,,,,,,,,,,,,,x,,,,,,,,,,,,,,,,,,,,,,,x,,,,,,,,,,,,,,,,,,,,,,x,,,,,,,,,,,,,,,,,,,,,,,,x,x,,,,,,,,,,x,,,,,,,,,,,,,,x,,,,,,,,,,,,,,,,,,,,,,,,,,,,,,,,,,,,,,,,,,,,,,
Apewar,2306590,0.583333333333333,,,94,93,91,5315,2023-03-24,x,,,x,,x,,x,,x,x,x,,,x,,,,,,,x,x,x,,,,,,,,,,,,,x,,x,,,x,,,,,,,,,,,,,,x,,x,,,,,x,,,x,,,,,,,,,,,,,,,,,,,,,,,,,,,x,,,,,,,,,,,,,,,,,,,,,,,,,,,,,,,,,,,,,,x,,,,x,,,,,,,,,,,,,,x,,,x,,,,,,,,,,,,,,x,,,,,,x,,,,,,,,,,,,,,,,,,,x,,,,,,,,,,,,,,,,,x,,,,,,,,,,,,,,,,,,,,,,,,,,,,,,,,,,,,,,,x,,,,x,,,,,,,,,,,,,,,,,,,,,,,,,x,,x,,,,,,,,,,,,,,,,,,,x,,,,,,,,,,,,,x,x,,,,,,,,,,,,,,,,,,,,,,,,,,,,,,,,
Apex Legends™,1172470,16.6,,88,67,67,67,975521,2020-11-04,x,,,,,x,,x,,,,x,x,,,x,,,,,,x,x,x,,x,x,,,,,,,,,,x,,,,,x,,,,,,,,,,,,,,,,,,,,,x,,,,,,,,,,,,,,,,,,,x,,,,,,,,,,,,,x,,,x,,,,x,,,,,,,,,,,,,,,,,x,,,,,,,,,,,,,,,,,,,,,,,,,,,,,,x,,,x,x,x,,,,,,,,,,,,,x,,,,,,,,,,,,,,,,,x,,x,,,,,,,,,,,,,,,,,,,,,,x,,,,,,,,,,,,,,,,,,,,,,,,,,,,,,,,,,,,,,,,,,,x,,,,,,,,,,,,,,,,,,,,,x,,,,,,x,,,,,,,,,,,,,,,,,,,,,,,,,x,,,,x,,x,,,,,,,,,,,,,,,,,,,,,,,,,,,,,,,,,,
Arma 3,107410,,,74,90,90,89,211411,2013-09-12,x,x,,,x,x,,,,,,,x,,,,x,,x,x,,x,x,x,,,,,,,,,,,x,,x,,,x,,x,x,,,,x,x,x,,,,,,,,,,,,,,x,,,,,,,,,,,,,,,,,,,,,,,,,,,,,,,,,,,,,,,x,,,,,x,,,,,,,,,,,,,,,,,,,,,,,,,,,,,,,,,,,,,,,,,,x,,,x,,,,,,,,,,,,,,,,,,,,,,,,,,,,,,,,,,,,,,,,,,,,,x,,,,,,,x,,,,x,,,,,,,,,,,,,,,x,x,,,,,,,,,,,,,,,,,,,,,,,,,,,,,,,,x,,,,,,,,,,,,,,,x,,,,,,,x,,,,x,x,,,,,,,,,,,,,,x,,,,,,,,,,x,,x,,x,,,,,,,,,,,,,,,,,,,,,,,,,,,,x,,,,
Baba Is You,736260,3.15,,87,97,97,95,17999,2019-03-13,x,x,x,x,,,,x,,,x,,,,,,,,,,,,,,x,x,x,x,x,x,x,,,,x,,x,x,,,,,,,,,,,,,,,x,,,,,,,,,,,,,,,,,,,,,,,,,,,x,,,,,,,,,,,,,x,,,,,,,,,,,,,,,,,,,,,,,,,x,,,,,,,,,,x,,,,,,,,,,,,,,,,,,,,,,,,,,x,,,,,,,x,,,,,,,,,,,x,,,,,,x,,,,,x,,,,,,,,,,,,,,,,x,,,,,,,,,,,,,,,,,,,,,,,,,,,,,,,,,,,,x,,,,,,,,,x,,,,x,,,,,,,,,,,,,x,,,,,,,,,,,,,,,,,,,,,,x,,,,x,,,,,,,,,,x,,,,,x,,,,,,,,,,,,,,x,,,,,,,,,,,,,,,,,,,,,,,,,,,
Banana Shooter,1949740,0.166666666666667,,,89,89,87,15771,2022-05-01,x,,,x,,,,,,,,,,,,x,x,,,x,,x,,x,,,,,,,,,,,,x,x,x,,x,,,x,,,,,,,,,,,,,x,,x,,,,,x,,,,,,,,,,,,,,,,,,,,,,,,,,,,,,x,,,,,,,,,,,,,,x,,,,,,,,,,,,,,,,,,,,,,,,,,,,,,,,,,,,,,,,,,,,,x,x,,x,,,,,,,,,,,x,,,x,,,x,,,,,,,,,,,,,,,,,,,,,,,,,,,,,,,,,,,,x,,,,,,,,,,,x,x,,,,,,,,,,,,,,,,,,,,,,,,,,,x,,,,x,,,,,,,,,,,,,,,,,,,,,,,,,x,,x,,,,,x,,,,,x,,,,,,,,,,,,,,,,,,,,,,,,,,,,,,,,,,,,,,,,,,,,,,,,,,,,,,,
BattleBit Remastered,671860,13.2,,,87,87,86,121524,2023-06-15,x,,,x,,,,x,,x,,,,,,,,,,,x,x,,x,x,,,,,,,,,,,,,,,,,,,,,,,,,,,,,,,x,,,,,,,x,,,,,,,,,,,,,,,,,,,,,,,,,,,,,,,,x,,,,,x,,,,,,,x,,,,,,,,,,,,,,,,,,,x,,,,,,,,,x,,,,,,,,,,,,,,x,,,x,,,,,,,,,,x,,,,,,,,,,x,,,,,,,,,,,,,,,,,,,x,,,,,,x,,,,,,,,,,,x,,,,,,,,,,,,,,,,,,,,,,,,,,,,,,,,,,,,,,,,,,,x,,,,,,,,,,,,,,,,,,,,,,,,,,,x,,,,,,,,,,,,,,,,,,,,,,,,,,,,,x,,x,,,,,,,,,,,,,,,,,,,,,,,,,,,x,,,x,,,,
Be Funny Now!,1644990,,,,61,59,60,1408,2022-05-17,x,,,,,,,,x,,,,,,,,,,,,,x,,x,,,,,,,,,,,,,,,,,,,,,,,,,,,,,x,,,,,,,,,,,,,,,,,,,,,,,,,,,,,,,,,x,,,,x,x,,x,,,,,,,,,,,,,x,,x,,,,,,,,,,,,,,,x,,,,,,,,,,,,,,,,,,,,,,,,x,,,,,,x,x,,,,,,,,,,,,,,,,,,,,,,,,,x,,,,,,,,,,,,,,,,x,,,,,,,,,,x,,,x,x,,,,,,,,,,,,,,,,,,,,x,,,,,,,,,,,,,,,,,,,,,,x,,,,,,,,,,,,,,,,,,,,,,,,,,,,,,,,,,,,,,,,,,,,,,,,,,,,,,,,,,,,,,,,,,,,,,,,,,,,,,,,,,,,,,,,,,,,
Beat Saber,620980,41.8333333333333,,93,95,95,93,67609,2019-05-21,x,,,,,,,,,,x,,,,,,,,,,,x,,x,,,,,,,,,,,x,,x,,,x,,,,,x,,,,,,,,,,,,,,,,,,x,,,,,,,,,,,,,,,,,,,,,,,,,,,,,,x,,,,,,,,,,,,,,,,,,,,,,,,,,,,,,,,,,,x,,,,,,,x,,,,,,,,,,,x,,,x,,,,,,x,,x,,,,x,,,,,,,,,,,x,,,,,,,,,,,,,,,,,,,,,,,,,,,,,,,,x,,,,x,,x,x,,,,,,,,,,,,,,,,,,,,,,,,,,,,,,,,,,,,,,,,x,,,,,,,,,,,x,,,,,,,,,,,,,,,,,,,,,x,,,,,,,,,,,x,,,,,,,,,,,x,,,,,,,,,,,,,,,,,,,,,,,,,,,,,,,,x,,,,,,
Beholder,475550,0.166666666666667,,75,91,91,89,19290,2016-11-09,x,x,x,x,,,,x,,,x,,x,,,,,,,,,,,,x,x,x,,,,,,,,x,,x,x,x,,,x,,,,,,,,,,,x,,,x,,,,,,,,,,,,x,,,,,,,,,,,,x,,,,,,,,,,,,,,,,x,,,,,,,,,,,,,,,,,,,,,,,,x,,x,,,,,,,,,,,,x,,,,,,,,,,,,,,,,,,,,,,,,,,,x,,,,,,,,,,,x,,,,,,,,,,,,,,,,,,,,,,,,,,,,,,,,,,,,,x,,,,,,,,,,,,,,,,,,,,,,,,,,,,x,x,x,,,,,,,,,,,,,,,,,,,,,,,,,,,x,,,,,,,,,,,,,,,,x,x,,,,,,,,,,,,,x,x,,,,,,,,,,,,,,,,,,,,,,,,,,,,,,,,,,,,,x,,,,,,,,,
Bigscreen Beta,457550,3.55,,,85,84,82,3101,2016-04-28,x,,,,,,,,x,,,,,,,,,,,,,x,,x,,,,,,,,,,,x,,,,,,,,,,x,,,,,,,,,,,x,,,,,,,,,,,,,,,,,,,,,,,,,,,,,,,,,,,,,x,,,,x,x,,,,,,,,,,,,,,x,,,,,,,,,,,,,,,,,,,,,,,,,,,,,x,,,,,,,,x,,,,x,,x,,,,,,,,,,,,,,,,,,,,,,,,,,,,,,,,,,,,,,,,,,,,,,,,,,,,x,x,,,,,x,,,,,,,,,,,x,,,,,,,,,,,,,,,,,,,,,,,,,,,,,,,,,x,,,,,,,,,,,,,,,x,,,,,,,,,,x,,,,x,,,,,,,x,,,,,,,,,,,,,,,,,,,,,,,,,,,,,,,,,,,,,,x,,,,,,x,,,,,,
Blocks by Google,533970,0.0333333333333333,,,85,81,78,211,2017-07-06,x,,,,,,,,,,,,,,,,,,,,,,,,,,,,,,,,,,x,,,,,,,,,,x,,,,,,,,,,,,,,,,,,,,,,,,,,,,x,,,,,,,,,,,,,,,,,,,,,,,,,,,,,,,,,,,,,,,,,,,,,,,,,,,,x,,,,,,,,,,,,,,,,,,,,,,,,,,,,x,,,,,,,,,,,,,,,,,,,,,,,,,,,,,,,,,,,,,,,,,,,,,,,,,,,,,,,,,,,,,,,,,,,,,,,,,,,,,,,,,,,,,,,,,,,,,,,,,,,,,,,,,,,,,,,,,,,,,,,,,,,,,,,,,,,,,,,,,,,,,,,,,,,,,,,,,,,,,,,,,,,,,,,,,,,,,,,,,,,,,,,,x,,,,,,
Bloons TD 6,960090,17.0833333333333,,,97,97,96,302145,2018-12-17,x,x,,x,,x,,,,,x,,,,,x,,,,,,x,x,,,,,x,x,x,,,,,x,,x,,,,,,,,,,,,,,,,x,,,x,,,,,,,x,,,,x,,,,,,,,,,,,,,,,,,,,,,,,,x,x,,,,,,,,,x,,,,,,,,,,,,,,,,x,,,,,,,,,,x,,,,,,,,,,,,,,,x,,,,,,,,,,,x,,,,,,,x,,,,,,,,,,,,,,,,,,,,,,,,,,,,,,,,,,,,,,,,,,,,,,,x,,,,,,,,,,,,,,,x,,,,,,,,,,,,,,,,,,,,,,,,,,,,,,,,,,,,,,,,,,,,,,,,x,,,,,,,,,,,,x,,,,,,,,,,,,,,x,,,,,,x,,,,,,,,,,,,,,,x,x,,,,,,,,,,,,,,,,,,,,,,,,
Call of Duty: Modern Warfare Remastered - Multiplayer,393100,,,,,,,,,,,,,,,,,,,,,,,,,,,,,,,,,,,,,,,,,,,,,,,,,,,,,,,,,,,,,,,,,,,,,,,,,,,,,,,,,,,,,,,,,,,,,,,,,,,,,,,,,,,,,,,,,,,,,,,,,,,,,,,,,,,,,,,,,,,,,,,,,,,,,,,,,,,,,,,,,,,,,,,,,,,,,,,,,,,,,,,,,,,,,,,,,,,,,,,,,,,,,,,,,,,,,,,,,,,,,,,,,,,,,,,,,,,,,,,,,,,,,,,,,,,,,,,,,,,,,,,,,,,,,,,,,,,,,,,,,,,,,,,,,,,,,,,,,,,,,,,,,,,,,,,,,,,,,,,,,,,,,,,,,,,,,,,,,,,,,,,,,,,,,,,
Call of Duty®,1938090,,,,55,55,55,371346,2022-10-27,x,,,,x,x,,x,x,,,x,,,,x,,,,,,x,x,x,,,,,,,,,,,x,,x,,,,,,,,,,,,,,,,,,,,,,,,,,x,,,,,,,,,,,,,,,,,x,,,,,,,,,,,,,,,,,,,,,,x,,,,,,,,,,,,,,,,,,,,,,,,,,,,,,,,,,,,,,,,,,,,,,,x,,,x,,,,,,,x,,,,,,,,,,,,,,,,,,,,,,,,,,,,,,,,,x,,,,,x,,,,,,,,x,,,x,,,,,,,,,,,,,,,x,,,,,,,,,,,,,,,,,,,,,,,,,,,,,,,,,x,,,,,,,,,,,,,,,,,,,,,,x,,,,,x,,,,,,,,,,,,,x,,,,,,,,,,,x,,,x,x,,,,,,,,,,,,,,,,,,,,,,,x,,,,,x,,,,
Call of Duty®: Infinite Warfare,292730,2.51666666666667,,73,62,61,61,15398,2016-11-03,x,,,x,,x,,x,,,x,x,,,,,,,,,,x,x,x,,,,x,,,x,,,,x,,x,,,,,,,,,x,x,x,x,,,,,,,,,,,,,,x,,,,,x,,,,,,,,,,,,x,,,,,,,,,,,,,,,,,,,,,,x,,,,,,,,,,,,,,,,,,,,,,,,,,,,,,,,,,,,,,,,,,,,,,,x,,,x,,,x,,,,,,x,,,,,,x,,,,,,,,,,,,,,,,,,,,,,,,,,,,,,,,,,,,,,,,,x,,,,,,,,,,,,,,,,,,,,,,,,,,,,,,,,,x,,,,,,,,,,,x,,,,,,,,,,,x,,,,,,,,,x,,,,,,x,,,,,x,,,,,,,x,,,,,,x,,,,,,,,,,,,,,,,,,,,,,,,,,,,,,,,,,,,,,,,,,,x,,,,x
Call of Duty®: Modern Warfare® Remastered (2017),393080,0.0333333333333333,,,52,51,52,11344,2017-07-27,x,,,,,x,,,,,x,,,,,,,,,,,x,x,x,,,,,,,,,,,x,,x,,,,,,,,,,,,,,,,,,,,,,,,,,x,,,,,,,,,,,,,,,,,x,,,,,,,,,,,,,x,,,,,,,,x,x,,,,,,,,,x,,,,,,,,,,,,,,,,,,,,,,,,,,,,,,,,,,,,,,x,,,x,,,,,,,x,,,,,,,,,,,,,,,,,,,,,,,,,,,,,,,,,,,,,,x,,,,,,,,,,,x,,,,,,,,,,,,,,,,,,,,,,,,,,,,,,,,,,,,,,,,,,,,,,,,,,x,,,,,,,,,,,,,,,,,,,,x,,,,,x,,,,,,,,,,,,x,x,,,,,,,,,,,,,,,,,,,,,,,,,,,,,,,,,,,,,,x,,,,,x,,,x,x
Celeste,504230,0.3,,88,97,97,96,102098,2018-01-25,x,x,x,x,,,,x,,,x,x,,,,,,,,,,,,,,x,x,x,x,x,x,,,,x,,x,x,x,,,x,,,,,,,,,,,x,,x,,,,,,,,x,,,,,x,,,,,,,,,,,,x,,,,,,,,,,,,,,,,,,,,,,,,,,,,,,,,,,,,,,x,,,,,,,,,,x,,,,,,,,,,,,,x,,,,,,x,,,,,,,,,,,,,,x,,,,,,,,,,,x,,,,,,,x,,,,,,,,,,,,,,,,,,,,,,,,,,,,,,,,,,,,,,,,,,,,,,,,,,,,,,,,x,x,,,,,,x,,,,,,,x,,,,,,,,,,,,x,,,,,,,,,,,,,,,,,,,x,,,x,,,,,,,,,,,,,x,,,,,,,,,,,,,,,,,,,,,,,,,,,,,,,,,,,,,,,,,,,,,,,
Cities: Skylines,255710,0.0666666666666667,,85,93,93,92,199920,2015-03-10,x,x,x,x,,,,,,,x,,x,,,,x,,,,,,,,,,,x,,x,,,,,x,,x,x,,,,x,x,,,,x,x,x,,,,,,,,,,,,,,x,,,,,,,,,,,,,,,,,,,,,,,,x,,,,,,x,,,,,,x,,,,,,,,,,,,,,,,,,,,,,,,,,,,,,,,,,,,,x,,,,,,,x,,,,,,,,,,,x,,,,,,,x,,,,,,,,,,,,,,,,,,,,,,,,,,,,x,,,,,,,,,,,,,,x,x,x,,,,,,,,,,,,,,,,,,,,,,,,,,,,,,,,,,,,,,,,,,,,,,,,,,x,x,,,x,x,,,,,,,,,,,x,,,,,,,,,,,x,x,,,,,,,,,,,,,,x,,,,,,,,,,,,,,,,,,,,,,,,,,,,,,,,,,,,,,,,,,,,,,
Clone Drone in the Danger Zone,597170,,,82,96,96,94,28567,2021-07-27,x,x,,x,x,x,,x,x,,x,x,,x,,,x,,,,,x,x,x,,,,,,,,,,,x,,x,x,,,,,x,,,,,,,,,,,,,,x,,,,,,x,,,,,,,,,,,,,,,,,,,,,,,,,,,,,,,,,,,,,,,x,,,,,,x,,,,,,,,,,,,,,x,,,,,,x,,,,,,,,,,,,,,,,,,,,x,,,,,,x,x,,,,,,,,,,,,,,,,,x,,,,,,,,,,,,,,,,,,,,,,,,,,,,,,,,,,,,x,,,,,,,,,,,,,,,x,,,,,,,,,,,,x,,,,,,,,,,,,,,,,,,,,,,,,,,,,x,x,,,,,,,,,,,,,,,,,,,x,,,,,,,,,,,,,,,,,,,,x,,x,,,,,x,,,,,,,,,,,,,,,,,,,,,,,,,,x,,,,,,,
Content Warning,2881650,,,,94,94,92,49167,2024-04-01,x,,,x,,x,,x,,,x,,,,,,,,,,,x,x,,x,x,x,,,,,,,,,,,x,,,,,,,,,,,,,,,,,,x,,,,,,,,,,x,,x,,,,,,,,,,,,x,,,,,,,,,,,,,,,,,,,,,,x,,,,,,,,,,,,,,,,,,,,,,,,,,,,,,x,,,,,,,,,x,,,,,,,,x,,,,,x,,,,,,,,,,,,,,,x,,,,x,,,,,,,,,,,,,,,,,,,,,,,,,,,,,,,,,,,x,,,,x,,,,,,,,,,,x,,,,,,,,,,,,,,,,,,,,x,,,,x,,,,,,,,,,,,,,,,,,,,,,,,,x,,,,,,,,,,,,,,,,,,,,,,,,,,,,,x,,,x,,,,,,,,,x,,,,,,,,,,,,,,,,,,,,,,,,,,,,,,
Counter-Strike,10,0.583333333333333,,88,96,96,95,157080,2000-11-01,x,x,x,x,,,,,,,x,,,,,,,,,,,x,,x,,,,,,,,,,x,,,,,,,,,,,,,,,x,x,x,,,,,,,,,,,,x,,,,,,,,,,,,,,,,x,,,,,,,,,,,,,,,,,,,,,,x,,,,,,,,x,,,,,,,,,,,,,,,,,,,,,,,,,,,,,,x,,,,,,,,,,x,,,x,,,,,,,,,,,,,,,,,,,,,,,,,,,,,,,,,,,,,,,,,,,,,x,,,,,,,,,,,x,,,,,,,,,,x,,,x,,,,,,,,,,,,,,,,,,,,,,,,,,,,,,x,,,,,,,,,,,,,,,,,,,,,,,x,,,,x,,,,,,,,,,,,,,,,,,,x,,,,,,x,,,,x,,x,,,,,,,,,,,,,,,,,,,,,,,,,,,,,,,,,,
Counter-Strike 2,730,638.583333333333,,,86,86,86,8491145,2012-08-21,x,,x,x,,x,,,x,,,,x,,,x,,,,,,x,,,,,,x,x,x,x,,,,,x,x,,,,x,x,x,,,,x,x,x,,,,,,,,,,,,,,x,,,,,,,,,,,,,,,,,,,,,,,,,,,,,,,,,,,,,,,x,,,,,,,x,,,,,,,,,,,,,,,,,,,x,,,,,,,,,,,x,,,,,,,x,,,x,,,x,,,,,,,,,,,,,,,,,,,,,,,,,,,,,,,,,,,,,,,,,,,,,x,,,,,,,x,,,,x,,,,,,,,,,,,,,,x,,,,,,,,,,,,,,,,,,,,,,,,,,,,x,,,,,x,,,,,,,,,,,,,,,,,,,,,,x,,,,,,,,,,,,,,,,,,,x,,,,,,,,,,x,,x,,,,,,,,,,,,x,,,,,,,,,,,,,,,,,,x,,,,
Counter-Strike: Condition Zero,80,,,65,90,90,88,19298,2004-03-01,x,x,x,x,,x,,,,,x,,,,,,,,,,,x,,,,,,,,,,,,,x,,,,,,,,,,,,,,x,,,,,,,,,,,,,,x,,,,,x,,,,,,,,,,,,x,,,,,,,,,,,,,,,,,,,,,x,,,,,,,,x,,,,,,,,,,,x,,,,,,,,,,,,,,,,,,,,,,,,,,,,,x,,,x,,,,,,,,,,,,,,,,,,,,,,,,,,,,,,,,,,,,,,,,,,,,,x,,,,,,,,,,,x,,,,,,,,,,,,,x,,x,x,,,,,,,,,,,,,,,,,,,,,,,,,,,,,,,,,,,,,,,,,,,,,,,,,,,,,,x,,,,x,x,,,,,,,,,,,,,,x,,,,,,x,,,,x,,x,,,,,,,,,,,,,,,,,,,,,,,,,,,,,,,,,,
Counter-Strike: Condition Zero,100,,,65,90,90,88,19298,2004-03-01,x,x,x,x,,x,,,,,x,,,,,,,,,,,x,,,,,,,,,,,,,x,,,,,,,,,,,,,,x,,,,,,,,,,,,,,x,,,,,x,,,,,,,,,,,,x,,,,,,,,,,,,,,,,,,,,,x,,,,,,,,x,,,,,,,,,,,x,,,,,,,,,,,,,,,,,,,,,,,,,,,,,x,,,x,,,,,,,,,,,,,,,,,,,,,,,,,,,,,,,,,,,,,,,,,,,,,x,,,,,,,,,,,x,,,,,,,,,,,,,x,,x,x,,,,,,,,,,,,,,,,,,,,,,,,,,,,,,,,,,,,,,,,,,,,,,,,,,,,,,x,,,,x,x,,,,,,,,,,,,,,x,,,,,,x,,,,x,,x,,,,,,,,,,,,,,,,,,,,,,,,,,,,,,,,,,
Counter-Strike: Source,240,0.683333333333333,,88,96,96,95,123141,2004-11-01,x,,x,x,,,,,x,,x,,,,,,,x,,,,x,,,,,,,,,,,,,,x,x,x,,,,,,,,,x,,x,,,,,,,,,,,,,,x,,,,,,,,,,,,,,,,,x,,,,,,,,,,,,,,,,,,,,,,,,,,,,,x,,,,,,,,,,,,,,,,,,,x,,,,,,,,,,,x,,,,,,,,,,x,,,x,,,,,,,,,,,,,,,,,,,,,,,,,,,,,,,,,,,,,,,,,,,,,x,,,,,,,x,,,,x,,,,,,,,,,,,,,,,,,,,,,,,,,,,,,,,,,,,,,,,,,,x,,,,,,,,,,,,,,,,,,,,x,,,,,,,x,,,,x,x,,,,,,,,,,,,,,x,,,,,,x,,,,x,,x,,,,,,,,,,,,,,,,,,,,,,,,,,,,,,x,,,,
Crab Game,1782210,,,,91,91,90,152063,2021-10-29,x,x,x,x,,x,,,,,,,,,,,,,,,,x,x,x,,,,,,,,,,,,,,,,,,,,,,,,,,,,,,,,x,,x,,,,,x,,,,,,,,,,,,x,,,,,,,x,,,,,,,,,,,x,,,,,,,,,,,,,,x,,,,,,,,,,,,,,,,,,,,,,,,,,,,,,,,,,,,,,,,,,x,,,x,x,,,,,,,,,,,,,,,,,,,,,,,,,,,,,,,,,,,,,,,,,,,,,,,,,,,,,,,x,,,,,,,,,,,,x,,,,,,x,,,,,,,x,,,x,,,,,,,,,,,x,,,,x,,x,,,,,,,,,,,,,,,,x,,,x,,,,,,,,,,,,,,,,,,,,,,,,,,,,,,,,,,,,,,,,,,,,,,,,,,,,,,,,,,,,,,,,,,,,,,,
Crossout,386180,6.16666666666667,,,75,75,74,62808,2017-07-26,x,,,x,,x,,x,,,,x,x,,,x,,,,,x,x,x,x,,x,x,x,,x,x,,,,,,x,,,,,x,,,,,x,,x,,,,,,,,,,,,,,x,,,,,x,,,,,,,,,,,,,,,,,,,x,,,,,,,,,,,,,,,x,,,,,x,,,,,,,x,,,,,,,,,,,,,,,,,,,,,,x,,,,,,,,,,,,,,,,,x,,,,,,,,,x,,,,,,,,,,,,,,,,,,,,,,x,,,,,,,,,,,,,,,,,,,,,,,,x,,,,,,,,,,,,,,,x,,,,,,,,,,,,,,,,,,x,,,,,,,,,x,x,,,,,,,,,,,,,,,,,,,,x,,,,,,,x,,,,,,,,,,,,,,,,,,,,,,,,,,,,,,,,x,,,,,,,,,,,x,,,,,,,,,,,x,,,,,,,,,,,
Cyberpunk 2077,1091500,25.8,,86,84,84,83,713388,2020-12-09,x,,,x,,,,x,,,x,x,x,,,,,,,,,,,,,x,x,,,,,,,,x,,x,x,,,,x,,,,,,,,,,,,,,,,,,,,,x,,x,,,x,,,,,,,,,,,,x,,,,,,,,,,,,,,,x,,,,,,,,,,,,,,,,,,,,,,,,x,,,,,,,,,,,,,,,,,,,,,,x,,,,,,,,x,,,x,,,x,,,,,,x,,,,,,,,,,x,,,,,,,,,,,,,,,,,,,,,x,,,,,,,,,,,,,,,,,,,,,,,,,,,,x,,,,x,,,,,,,,,,,,,,,,,,,,,,,,,,,,,,,,,,,,,,,,,,x,,,,,,x,,,,,,,,,,,x,,,,,,,,,,,,,x,,,,,,,,,,,,,,,,,,,,,,,,,,,,,,,,,,,,,,x,,,,,,,,,
Day of Defeat,30,,,79,88,87,85,4206,2003-05-01,x,x,x,x,,x,,,,,x,,,,,,,,,,,x,,,,,,,,,,,,,,,,,,,,,,,,,,,x,,,,,,,,,,,,,,x,,,,,,,,,,,,,,,,,,,,,,,,,,,,,,,,,,,,,x,x,x,,,,,,,,,,,,,,,,,,,,,,,,,,x,,,,,,,,,,,,,,,,,,,,,x,,,x,,,,,,,,,,,,,,,,x,,,,,,,,,,,,,,,,,,,,,,,,,,,,,x,,,,,,,,,,,x,,,,,,,,,,,,,x,,,,,,,,,,,,,,,,,,,,,,,,,,,,,,,,,,,,,,,,x,,,,,,,,,,,,,,,,,x,,,,,x,,,,,,,,,,,,,,x,,,,,,,,,,x,,x,,,,,,,,,,,,,,,,,,,,,,,,,x,,,,,x,,,x,
Day of Defeat: Source,300,,,80,90,90,88,15036,2005-09-26,x,,x,x,,x,,,x,,x,,,,,,,x,,,,x,,,,,,,,,,,,,,x,x,,,,,x,,,,,,,x,,,,,,,,,,,,,,x,,,,,,,,,,,,,,,,,,,,,,,,,,,,,,,,,,,,,x,x,,,,,,,,,,,,,,,,,,,,,,,,,,,,,,,,,,,,,,,,,,,,,,,,x,,,x,,,,,,,x,,,,,,,,,x,,,,,,,,,,,,,,,,,,,,,,,x,,,,,,x,,,,,,,,,,,x,,,,,,,,,,,,,,,x,,,,,,,,,,,,,,,,,,,,,,,,,,,,,,,,,x,,,,,,,,,,,,,,,,,,,,,,x,,,,x,,,,,,,,,,,,,,,x,,,,,,,,,,x,,x,,,,,,,,,,,,,,,,,,,,,,,,,x,,,,,x,,,x,
DCS World Steam Edition,223750,,,,85,85,84,35867,2018-03-18,x,,,x,x,x,,x,,,,,,,,,x,,x,x,,x,x,x,x,,,,,,,,,,x,,,,,,,,,,x,,,,,,,,,,,,,,,,,,x,,,,,,,,,,,,,,,,,,,,,,,,,,,,,,,,,,,,,,,x,,,,,,,,,,,,,,,,,,,,,,,,,,,,,,,,,,,,,,,,,,,,,,,x,,x,x,x,,,,,,,,,,,,,,,,,,,,,,,,,,,,,,,,,,,,,,x,,,,,,x,,,,,,,,,,,x,,,,,,,,,,,,,,,,x,,,,,,,,,,,,,,,,,,,,,,,,,,,,,,,,x,,,,,,,,,,,,,,,x,,,,,,,x,,,,x,x,,,,,,,,,,,,,,x,,,,,,,,,,,x,,,,,,,,,,,,x,,,,,,,,,,,,,,,,,x,,x,,,,
Deadlock,1422450,18.7,,,,,,,,,,,,,x,,,,,,,,,,,,,,,,x,,,,,,,,,,,,,,,,,,,,,,,,,,,,,,,,,,,,,,,,,x,,,,,,,,,,,,,,,,,,,,,,,,,,,,,,,,,,,,,,,x,,,,,,,x,,,,,,,,,x,,,,,,,,,,,,,,,,,x,,,,,,,,,,,,,,,,,,x,x,,,,,,,,,,,,,x,,,,,,,,,,,,,,,,,,,,,,,,,x,,,,,,,,,,x,,,,,,x,,,,,,,,,,,,,,,x,,,,,,,,,,,,,,,,,,,,,,,,,,,,x,,,,,,,,,,,,,,,,,,,,,,,,,x,,x,,,,,,,,,,,,,,,,,,,x,,,,,,,,,,x,,x,x,x,,,,,,,,,,,,,,,,,,,,,,,,,,,,,,,,
Deathmatch Classic,40,,,,81,80,78,2274,2001-06-01,x,x,x,,,x,,,,,x,,,,,,,,,,,x,,x,,,,x,,,,x,,x,,,,,,,,,,,,,,,,,x,,,,,,,,,,,,x,,,,,,,,,,,,,,x,,,,,,,,,,,,,,,,,,,,,,,,x,x,,,,,,,x,,,,,,,,,,,,,,,,,,,x,,,,,,,,,,,,,,,,,,x,,,x,,,x,,,,,,,x,,,,,,,,,,,,,,,,,,,,,,,,,,,,,,,,,,,,,,,,,,,,,,,,,x,,,,,,,,,,,,,x,,,,,,,,,,,,,,,,,,,,,,,,,,,,,,,,,,,,,,,,x,,,,,,,,,,,x,,,,,,x,,,,,x,,,,,,,,,,,,,,,,,,,,,,,,,,,,,,,,,,,,,,,,,,,,,,,,,,,,,,,,,,,,
Deceit,466240,,,,79,79,78,93179,2017-03-03,x,,,x,,x,,x,,,,,x,,,x,,,,,,x,,x,x,,,x,x,x,,,,,,,x,,,,,x,,,,,,,,,,,,,,,,,,,,,x,,,,,,,,,,,,,,,,,x,,,,,,,,,,,,,,,,x,,,,,,x,,,,,,,,,,,,,,,,,,,,,,,,,,,,,,,,,,,,,,,,,,,,,,,x,,,x,x,x,,,,,,,,,,,,,,,x,,,,,,,,,,,,,,,,,,,,,,,,,,,,,,,,,,,,,,,x,,,,x,,,,,,,,,,,,,,,,,,,,,,,,,,,,,,,,,,x,x,,,,x,,,,,,,,,,,,,,,,,,,,,,,,,,,x,,,,,,,x,,,,,,,,,,,,x,,,,,,x,x,,,,,,,,,,,,,,,,,,,,,,,,,,,,,,,,,,,,,,,x
Destiny 2,1085660,0.483333333333333,,83,79,79,78,617738,2019-10-01,x,,,,,x,,x,,,,,x,,,x,,,,,,x,x,x,x,x,x,,,,,,,,x,,x,,,,,,,,,x,x,x,x,,,,,,,,,,,,,,x,,,,,x,,,,,,,,,,,,x,,,,,,,,,,,,,,,,,,,,,,x,,,,,,,x,,,,,,,,,,,,,,,,,,,,,,,,,,,,,,,,,,,,,,,,x,,,x,x,,,,,,,,,,,,,,,,,,,,,,,,,,,,,,,x,x,x,,,,,x,,,,,,,,,,x,,,,,,,x,,,,,,,,,,,,,,,,x,,,,,,,,,,,,,,,,,,,,,,,,,,x,x,,,,,,,,,,,,,,,,,,,,,x,,,,,,x,,,,,,,,,,,,x,,,,,,,,,,,,,,,,,,,,,,,,,,,,,,,,,,,,,,,,,,,,,,,,,,,,,
DOOM,379720,9.81666666666667,,85,95,95,94,134541,2016-05-12,x,,,x,,x,,x,,,x,,,,,,,,,,,x,,,x,,,x,x,x,,,,,x,,x,x,,,,x,,,,x,x,x,x,,,,,,,,,,,,,,x,,,,,,,,,,,,,,,,,x,,,,,x,,,,,,,,,,,,,,,,x,x,,,,,,,,,,,,,,,,,,,,,,x,,,,x,,,,,,,,,,,,,,,,,,x,,,x,,,x,,,,,,,x,,x,,,,,,,,x,,,,,,,,,,,,,,,,,,,,,,,,,,,,,,,,,,,,,,,x,,,,,,,,,,,,,,,,,,,,,,,,,,,,,,,,,,,,,,,,,,,,,,,,,,x,,,,,,,,,,,,,,x,,,,,,x,,,,,x,,,,,,,,,,,,,,,,,,,,,,,,,,,,,,,,,,,,,,,,,,,,,,,,,,,x,,,,,,,,,x
EARTH DEFENSE FORCE 4.1 The Shadow of New Despair,410320,,,79,95,95,92,7282,2016-07-18,x,,,x,,x,,x,,,x,x,x,,,,,,,,,x,,,,,,x,x,x,x,x,,,x,,x,x,,,,x,,,,x,x,x,x,,,,,,,,,,,,,,x,,,,,,,x,,,,x,,,,,,,,,,,,,,,,,,,,,,,,,,,,x,,,,,,x,,,,,,,,,,,,,,,,,,x,,x,,,,,,,,,,,,,,,,,,,,,,,,,,x,,,,,x,,,,,,,,,,,,,,,,,,,,,,x,,,,,,,,,,,,x,,x,,,,,,,,,,,,,x,,,,,,,,,,,,,,,x,,,,,,,,,,,,,,,,,,,,,,,,,,,,,,,,,,,,,,,,x,,,,,,,,,x,,,,,,x,,,,,x,,,,,,,,,,x,,,,,,,,,,,,,,,,,,x,,,,,,,,,,,,,,,,,,,,,,,,,,,,,,,,
EVE Online,8500,5.11666666666667,,88,73,73,72,35505,2003-05-06,x,x,,x,,x,,,,,,,x,,,,,,,,x,x,x,x,,,,,,,,,,,,,,,,,,x,,,,,x,,x,,,,,,,,,,,,,,x,,,,,,,,,,,,,,,,,,,,,,,,,,,,,,,,x,,,,,,,,,,,,,,,,,,,,,,,,,,,,,,,,,,,,,,,,,x,,,,,x,,,,,,,,,,,,x,,,,,,,,,,,,,,,,,,,,,,,,,,,,,,,,,x,,,,,x,,,,,,,,,,x,,,,,,,x,,,,,,,,,,,,,,,,x,,,,,,,,,,,,,,,,x,,,,,,,,,,x,x,,,,,,,,,,,,,,,x,,,,,x,x,,,,,,,,,,,,,,,,,,x,x,,,,,,x,,,,,,,,,,,,,,,,,,,,,,,,,,,,,,,,,,,,,,,,,,x,,,,
Fall Guys,1097150,5.15,,80,81,81,80,475334,2020-08-03,,,,,,x,,x,,,,,,,,x,,,,,x,x,x,x,x,,,x,x,x,,,,,,,x,,,,,,,,,,,,,,,,,,,,,x,,,,,x,,,,,,,,,,,,,,,,,,,x,,,,,,,,,,,x,,,,,,,,,x,,,,x,,x,,,x,,,,,,,x,,,,,,,,,,x,,,,,,,,,,,,,,,x,,,,,,,,,,,x,,,,,,,,,,,,,,,,,,x,,,,,,,,,,,,,,,,,,,x,,,,,,,,,,,,,,,,,x,,,,,,,,,,,,,,,x,,,,,,x,,,,x,,,x,,,,,,,,,,,,,,,x,,,,,,,,,,,,,,,,,,,,,,,,,,,,,,,,,,,,,,,,,,,,,,,,,,,,,,,,,,,,,,,,,,,,,,,,,,,,,,,,,,,,,,,,,,,,
Far Cry® New Dawn,939960,3.68333333333333,,,75,75,74,27665,2019-02-15,x,,,x,,x,,x,,,,,x,,,x,,,,,,x,x,,x,,,,,,,,,,x,,,,,,,,,,,x,x,,x,,,,,,,,,,,,,,x,,x,,,x,,,,,,,,,,,,,,,,,,,,,,,,,x,,x,,,,,,,x,,,,,,,,,,,,,,,,,,,,,,,,,,,,,,,,,,,,,,,,,,,,,x,,x,,,x,,,,,,,,,,,,,,,,,,,,,,,,,,,x,,,,,,,,,,,,,,,,,,,,,,,,,,,,,x,,,,,,,,,,,,,,,x,x,,,,,,,,,,,,,,,,,x,,,,,,,,,,,,,,,,,,,,,,,,,x,,,,,,,,,,,,x,,,,,x,,,,,,,,,,,,x,x,,,,,,,x,,,,,,,,,,,,,,,,,,,,,,,,,,,,,,,,,,,,,,,,
For Honor - Public Test,654310,,,,,,,,,,,,,,,,,,,,,,,,,,,,,,,,,,,,,,,,,,,,,,,,,,,,,,,,,,,,,,,,,,,,,,,,,,,,,,,,,,,,,,,,,,,,,,,,,,,,,,,,,,,,,,,,,,,,,,,,,,,,,,,,,,,,,,,,,,,,,,,,,,,,,,,,,,,,,,,,,,,,,,,,,,,,,,,,,,,,,,,,,,,,,,,,,,,,,,,,,,,,,,,,,,,,,,,,,,,,,,,,,,,,,,,,,,,,,,,,,,,,,,,,,,,,,,,,,,,,,,,,,,,,,,,,,,,,,,,,,,,,,,,,,,,,,,,,,,,,,,,,,,,,,,,,,,,,,,,,,,,,,,,,,,,,,,,,,,,,,,,,,,,,,,,
FOR HONOR™,304390,,,76,69,69,68,93339,2024-03-14,x,,,x,,x,,x,,,,,x,,,x,,,,,,x,x,x,x,,,,,,,,,,x,,,,,,,x,,,,,x,,x,,,,,,,,,,,,,,x,,,,,,,,,,,,,,,,,x,,,,,,,,,,,,,,,,,,,,,,x,,,,,,,,,,,,,,,,,,,,,,,,,,,,,,,,,,,,,,,,,,x,,,,x,,,,,,,,,,,x,,,,x,,,,,,,,,,,,,,,,,,,,,,,,,,,,,,,x,,,,,,,,x,,,,,,x,,,,,,,,,,,,,,,x,,,,,,,,,,,,,,,,,,,,,,,,,,,,x,,,,,x,,,,,,,,,,x,,,,,,,,,,,,,,,,,x,,,,,,,,,,,,,x,x,,,,,,,,x,,,,,x,,,,,,,,,,,,,,,,,,,,,,,,,,,,,x,,,,
Garry's Mod,4000,8.03333333333333,,,96,96,95,972303,2006-11-29,x,x,x,x,x,x,,,x,,x,,x,,,,x,x,x,x,,x,x,x,,,,x,,x,,,,,x,,x,x,,,,x,x,,,,x,,x,,,,,,,,,,,,,,x,,,,,,,,,,,,,,,,,,,,,,,,x,,,,,,x,,,,,,,,,x,,,,,,x,,,,,,,,,,,,,,,,,,,,,,,,,,,,,,,,,x,,,,,,,,x,,,x,,x,,,,,,,,,,,,,,,,,,x,,,,,,,,,,,,,,,,,,,,,,,,,,,,,,,,x,,,,x,,,,,,,,,,,,,,,x,,,,,,,,,,x,,,,,,,,,,,,,,,,,,x,,,,,x,,,,,,,,,,,,,,,x,,,,,,,x,,,,x,x,,,,,,,,,,,,,,,,,,,,,,,,,,,,,,,,,,,,,,,,,,,,,,,,,,,,,,,,,,,,
Getting Over It with Bennett Foddy,240720,0.35,,,82,82,81,67980,2017-12-06,x,x,x,x,,,x,x,,,x,,,,,,,,,,,,,,x,,,x,x,x,,,,,x,,x,,,,,,,,,,,,,,,,,,,,,,,,,,x,,,,,x,,,,,,,,,,,,,,,,,,,,,,,,,x,,,,,,,,,,,,,,,x,,,,,,,,,,,,,,x,,,,,,x,,,,,,,,,,,,,,,,,,,,,,,,,,x,,,,,,,x,,,,,,,,x,,,x,,,,,,,,,,,,,,,,,,,,,,,,,,,,,,,,,,,,,,,,,,,,,,,,,,,,,,,,,,,x,,x,,,x,,,,,,,,,,,x,,,,,,,,,,,,x,,,,,,,,,,,,,,,,,,,,,,,,x,,,,,,,,,,,,,x,x,,,,,,,x,,,,,,x,,,,,,,,,,,,,,,,,,,,,,,,,,,,,,,,,
Google Earth VR,348250,,,,94,93,90,3881,2016-11-16,x,,,,,,,,,,,,,,,,,,,,,x,,,,,,,,,,,,,x,,,,,,,,,x,x,,,,,,,,,,,,,,,,,,,,,,,x,,,,,,,,,,,,,,,,,,,,,,,,,x,,,,,,,,,,,,,,,,,,,,,,,,,,,,,,,,,,,,,,,,,,,,x,,,,x,,,,,,,,,,,,x,,,,,,,,,,,,,,,,,,,,,,,,,,,,,,,,,,,,,,,,,,,,,,,,,,,,,,,x,,,,,,,,,,,,,,,,x,,,,,,,,,,,,,,,,,,,,,,,x,,,,,,,,,x,,,,,,,,,,,,,,,,,,,,,,,,,,x,x,,,,,,,,,,,,,,,,,,,,,,,,,,,,,,,,,,,,,,,,,,,,,,,,,,,,,,x,x,,,,,
"Gunner, HEAT, PC!",1705180,3.43333333333333,,,91,90,88,4980,2022-09-06,x,,,x,,,,x,,x,x,,,,,,,,,,,,,,x,,,,,,,,,,x,,,,,,,,,,,,,,,x,,,,,,x,,,,,,,x,,,,,,,,x,,,,,,,,,,,,,,,,,,,,,,,,,,,,,,,,,x,,,,,,,,,,,,,,,,,,,,,,x,,,,,,,,,x,,,,,,,,,,,,,,x,,,x,,,,,,,,,,,,,,,,x,,,x,,,,,,,,,,,,,,,,,,,,,,,,,,x,,,,,,,,x,,,,,,,,,,,,,,,,,,,,,,,,,,,,,,,,,,,,,,,,,,,,,,,,,,,x,,,,,,,,,,,,,,,,,,,,,,x,,,,x,,,,,,,,,,,,,,,,,,,,,,,,,,x,,x,,,,,,,,,,,,,,,,,,,,,,x,,,,,,,,x,,,
Half-Life,70,0.4,,96,96,96,95,101850,1998-11-19,x,x,x,x,,,,x,,,x,x,,,,,,,,,,x,,x,,x,x,x,x,x,,x,,,x,,,x,,,,,,,,x,,,x,,x,,,,,,,,,,,,x,,,x,,x,,x,,,,,,,,,,x,,,,,,,,,,,,,,,,,,,,,x,,,,,,,,,,,,,,,,,,,,,,,,,,,x,,,,,,,,,,,,,,,,,,,,,x,,,x,,,,,,,x,,,,,,,,,,,,,,,,,,,,,,,,,,,,,,,,,,,,,,,,,,,,,x,,,,x,,,,,,,,,,,,,,,,,,,,,,,,,,,,,,,,,,,,,,,,,,,x,,,,,,,,,,x,,,,,,,,,,,x,,,,,,x,,,x,,x,,,,,,,,,,,,,x,,,,,,,,,,,,,,,,,,,,,,,,,,,,,,,,,,,,,,,,,,,,,,,
Half-Life 2,220,,,96,97,97,96,174609,2004-11-16,x,,x,x,x,,x,x,,,x,x,x,x,,,,x,,,,x,,,,x,x,x,x,x,,x,,,x,,x,x,x,,x,x,x,,,,x,x,x,,,,,,,,,,,,,,x,,,,,x,,x,,,,,,,,,,x,,,,,,,,,,,,,,,,,,,,,x,,,,,,,,,,,,,,,,,,,,,,,,,,,,,,,,,x,,,,,,,,,,,,,,,x,,,x,,,,,,,,,x,,,,,,,,x,,,,,,,,,,,,,,,,,,,,,,,,,,,,,,,,,,,x,,,,x,,,,,,,,,,,,,,,,,,,,,,,,,x,,,,,,,,,,,,,,,x,,,,,,,,,,,,,,,,,,,,,,,,x,,,,,,x,,,x,,x,,,,,,,,,,,,,x,,,,,,,,,,,,,,,,,,,,,,,,,,,,,,,,,,,,,,,,,,,,,,,x
Half-Life 2: Deathmatch,320,0.0333333333333333,,,90,89,87,9362,2004-11-01,x,,x,x,,x,,,,,x,,,,,,,x,,,,x,,,,,,,,,,,,,,,,,,,,,,,,,x,,x,,,,,,,,,,,,,,x,,,,,x,,,,,,,,,x,,,x,,,,,,,,,,,,,,,,,,,,,,x,,,,,,,x,,,,,,,,,,,,,,,,,,,,,,,,,,,,,,,,,,,,,,,,x,,,x,,x,,,,,,,x,,,,,,,,,,,,,,,,,,,,,,,,,,,,,,,,,,,,,,,,,,x,x,,,,x,,,,,,,,,,,,,x,,,,,,,,,,,,x,,,,,,,,,,,,,,,,,,x,,,,,,,,,,,,,,,,,,,,,x,,,,,,x,,,,,x,,,,,,,,,,,,,,,,,,,,,,,,,,,,,,,,,,,,,,,,,,,,,,,,,,,x,,,,,,,,,
Half-Life Deathmatch: Source,360,,,,73,72,71,3765,2006-05-01,x,,x,x,,,,,,,x,,,,,,,,,,,x,,,,,,,,,,,,,,,,,,,,,,,,,x,,x,,,,,,,,,,,,,,x,,,,,x,,,,,,,,,x,,,x,,,,,,,,,,,,,,,,,,,,,x,,,,,,,,x,,,,,,,,,,,,,,,,,,,,,,,,,,,,,,,,,,,,,x,,,x,,,x,,,,,,,x,,x,,,,,,,,x,,,,,,,,,,,,,,,,,,,,,,,,,,,,,,,,,,,,,,,x,,,,,,,,,,,,,,,,,,,,,,,,,,,,,,,,,,,,,,,,,,,,,,,,,,x,,,x,,,,,,,,,,,x,,,,,,x,,,,,x,,,,,,,,,,,,,,,,,,,,,,,,,,,,,,,,,,,,,,,,,,,,,,,,,,,x,,,,,,,,,
Half-Life: Blue Shift,130,,,71,92,92,90,15696,2001-06-01,x,x,x,x,,,,,,,x,,,,,,,,,,,,,,,,,x,,,,x,,,x,,,,,,,,,,,,,,,,x,,,,,,,,,,,,x,,,,,x,,x,,,,,,,,,,x,,,,,,,,,,,,,,,,,,,,,x,,,,,,,,,,,,,,,,,,,,,,,,,,,,,,,,,,,,,,,,,,,,,,,,x,,,x,,,,,,,,,x,,,,,,,,,,,,,,,,,,,,,,,,,,,,,,,,,,,,,,,,,,,x,,,,,,,,,,,,,,,,,,,,,,,,,,,,,,,,,,,,,,,,,,,,x,,,,,,,,,,,,,x,,,,,,,,,,,x,,,,,,x,x,,x,,x,,,,,,,,,,,,,x,,,,,,,,,,,,,,,,,,,,,,,,,,,,,,,,,,,,,,x,,,,,,,,,x
Half-Life: Opposing Force,50,,,,95,95,93,21285,1999-11-01,x,x,x,x,,x,,,,,x,,,,,,,,,,,,,,,,,x,,,,x,,,x,,,,,,,,,,,,,,,,x,,,,,,,,,,,,x,,,,,x,,x,,,,,,,,,,x,,,,,,,,,,,,,,,,,,,,,x,x,,,,,,,,,,,,,,,,,,,,,,,,,,,,,,,,,,,,,,,,,,,,,,,x,,,x,,,,,,,x,,x,,,,,,,,,,,,,,,,,,,,,,,,,,,,,,,,,,,,x,,,,,,,x,,,,,,,,,,,,,,,,,,,,,,,,,,,,,,,,,,,,,,,,,,,,x,,,,,,,,,,,,,x,,,,,,,,,,,x,,,,,,x,,,x,,x,,,,,,,,,,,,,x,,,,,,,,,,,,,,,,,,,,,,,,,,,,,,,,,,,,,,,,,,,,,,,
Half-Life: Source,280,,,,68,67,67,13802,2004-06-01,x,,x,x,,,,,,,x,,,,,,,,,,,x,,,,,,x,,,,x,,,x,,,,,,,,,,,,x,,x,,x,,,,,,,,,,,,x,,,,,x,,x,,,,,,,,,,x,,,,,,,,,,,,,,,,,,,,,x,,,,,,,,,,,,,,,,,,,,,,,,,,,,,,,,,,,,,,,,,,,,,,,,x,,,x,,,,,,,x,,x,,,,,,,,x,,,,,,,,,,,,,,,,,,,,,,,,,,,,,,,,,,,x,,,,x,,,,,,,,,,,,,,,,,,,,,,,,,,,,,,,,,,,,,,,,,,,,,,,,,,x,,,,,,,,,,,,,,x,,,,,,x,,,x,,x,,,,,,,,,,,,,x,,,,,,,,,,,,,,,,,,,,,,,,,,,,,,,,,,,,,,,,,,,,,,,x
Halo Infinite,1240440,44.6333333333333,,,70,70,69,174758,2021-11-15,x,,,x,,x,,x,x,,,x,,,,x,x,,,x,,x,,x,,,,x,,,x,,,,,,x,x,,,,,,,,,,,,,,,,,,,,,,,,,x,,,,,x,,x,,,,,,,,,,x,,,,,,,,,,,,,,,,,,x,,,,x,,,,,,,x,,,,,,,,,,,,,,,,,,,,,,,,,,,,,,,,,,,,,,,,x,,,x,x,,,,,,,,,,,,,,,,,,,,,,,,,,,,,,,,,x,,,,,,,,,,,,,,,,,,,,,,x,,,,,,,,,,,,,,,,x,,,,,,,,,,,,,,,,,,,,,,,,,,,x,,,,,,,,,,,,,,,,,,,,,x,,,,,,x,,,,,x,,,,,,x,x,,,,,,x,,,,,,,,,,,,,,,,,,,,,,,,,,,,,,,,,,,,,,,,,,,,,,,
Halo Wars: Definitive Edition,459220,1.28333333333333,,,92,91,89,7445,2017-04-20,x,,,x,x,x,,x,,,x,x,,,,,,,,,,x,x,x,,,,x,,,x,,,,x,,x,x,,x,,x,,,,,,,,,,,,,,,,,,,,,x,,,,,,,x,,,,,,,,,,x,x,,,,,,,,,,,,,,,,,,,,x,x,,,,,,,,,,,,,,,,,,,,,,,,,,,,,,,,,,,,,,,,,,,,,,,,,,,,,,,,,,,x,,,,,,,,,,,,,,,,,,,,,,,,,,,,,,,,,,,,x,,,,,,,,,,,x,,,,,,,,,,,,,,,x,,,,,,,,,,,,,,,,,,,,,,,,,,,,,,,,,,,,,,,,,,,,,x,,,x,x,,,,,,x,,,,x,x,,,,,,,,,,,,,x,x,,,,,,,,,,x,,,,,,,,,,,,,,,,,,,,,,,,,,,,,,,,x,,,,
Hearts of Iron IV,394360,4.48333333333333,,83,91,91,90,232507,2016-06-06,x,x,x,x,,x,,,x,,x,,x,,,,,,,,,x,,,,,,x,,x,,,,,x,,x,x,,,,x,x,,,,,,,,,,,,,,,,,,,,x,,,,,,,,x,,,,,,,,,,,,,,,,,,,,,,,,,,,,,,,x,,,,,,,x,,,,,,,,,,,,,,,,,,,,,x,,,,,,,,,,,,,,,,,,,,,,,,,,,,,,x,,,,,,,,x,,,,,,,,,,,,,,,,,,,,,,,,,,,,,x,,,,,,,,,,,x,,,,,,,,,,,,,,,,x,,,,,,,,,,,,,,,,,,,,,,,,,,,,,,,x,,,,,,,,,,,,,x,,,x,,,,,,,,,,,x,x,,,,,,,,,,,,,,x,x,,,,,,,,,x,,,,,,,,,,,,,,,,,,,,,,,,,,,,,,,,x,,,x,
Hi-Fi RUSH,1817230,1.85,,90,97,97,95,25350,2023-01-25,x,,,x,x,,,x,,,x,x,,,,,,,,,,,,,,x,x,,,,,,,,x,,x,x,,,,x,,,,,,,,,,,,,,,,,,,,,x,,,x,,x,,,,,,x,,,,,,,,,x,,,,,,,,,x,,x,,,,,,,,,,,,x,,x,,,,,,,,,,,x,,,,,,,,,,,,,,,,,,,,,,,,,,,,,,,,,,,,,,,,,,x,,x,,,,,,,,,,,,,,,,,,,,,,,,,,,,,,,,,,,,,,,,,,,,,,,x,,,,,,,,,,,,,,,,,,,,,,,,,,x,,,,,,,,,,,,,,,,,,,,,,,,,,x,x,,,,,,,,,,,,,,,,,,,,x,,,,,,,,,x,,,,,,,x,,,,,,,,,,,x,,,,,,,,,,,,,,,,,,,,,,,,,,,,,,,,,
Hired Ops,374280,0.383333333333333,,,67,66,66,15466,2021-04-13,x,,,x,,x,,,,,,,,,,x,,,,,,x,,x,,,,,,,,,,,,,x,x,,,,x,,,,,,,,,,,,,,,,,,,x,,x,,,,,,,,,,,,,,,,,x,,x,,,x,,,,,,,,,,,x,,,,,,x,,,,,,,,,x,,,,,,,,,,,,,,,,,,,,,,,,x,,,,,,x,,,,,,,,x,,,x,x,,,,,,,,,,,,,,,,,,,,,,,,,,,,,,,,,,,,,,x,,,,,,x,,,,,,,,x,,,x,,,,,,,,,,,,,,,,,,,,,,,,,,,,,,,,,,,,,,,,,,,x,,,,,,,,,,,,,,,,,,,,,,,,,,,x,,,,,x,,,,,,,,,,,,,,,,,,,,,,,,,,,,,,,,,,,,,,,,,,,,,,,,,,,,,,,,,,,,
"Hot Dogs, Horseshoes & Hand Grenades",450540,0.4,,,97,97,95,20445,2016-04-05,x,,,,,,,,,x,x,,,,,,,,,,,,,,,,,,,,,,,,x,,x,,,,,,,,x,,,,,,,,,,,,,,,,,,x,,,,,,,,,x,,,,,,,,x,,,,,,,,,,,,,,,,,,,,,,,,,,,,x,,,,,,,,,,,,,,,,,,x,,,,,,,,,x,,,,,,,,,,,,,,x,,,x,,x,,,,,,,,x,,,,,,,,,,x,,,,,,,,,,,,,,,,,,,,,,,x,,,,,,,,,x,,,,,,,,,,,,,,,,,,,,,,,,,,,,,x,,,,,,,,,,,,,,,,,,,,,,,x,,,,,,,,,,,,,,,x,,,,,,,x,,,,x,x,,,,,,,,,,,,,,,,,,,,,,,,,,,,,,,,,,,,,,,,,,,,,,,,,,,,,,x,,,,,,
Hunt: Showdown (Test Server),770720,,,,50,27,50,10,2018-04-05,,,,x,,,,,,,x,,,,,,,,,,,,,,,,,,,,,,,,,,x,,,,,,,,,,,,,,,,,,,,,,,,,,,,,,,,,,,,,,,,,,,,,,,,,,,,,,,,,,,,,,,,,,,,,,,,,,,,,,,,,,,,,,,,,,,,,,,,,,,,,,,,,,,,,,,,,,,,,,,,,,,,,,,,,,,,,,,,,,,,,,,,,,,,,,,,,,,,,,,,,,,,,,,,,,,,,,,,,,,,,,,,,,,,,,,,,,,,,,,,,,,,,,,,,,,,,,,,,,,,,,,,,,,,,,,,,,,,,,,,,,,,,,,,,,,,,,,,,,,,,,,,,,,,,,,,,,,,,,,,,,,,,,,,,,,,,,,,,,,,,,,,,,
Hunt: Showdown 1896,594650,12.0833333333333,,81,74,74,73,187628,2019-08-27,x,,,x,,x,,x,,,,x,x,,,x,,,,,,x,x,x,,,,x,,x,x,,,,,,x,,,x,,x,,,,,,x,x,,,,,,,,,,,,,,x,,,,,,,,,,,,,,,,,x,,x,,,,,,,,,,,,,,,,,,,,x,,,,,,,,,,,,,,,,,,,,,,,,,,x,,,,,,,,,,,,,,x,,,,,,,,,,x,,,,,,,x,,,,,,,,,,x,,,,,,,,,,,,,,,,,,,,,,,,,,,,,,,,,,,,,,,x,,,,,,,,,,,,,,,x,x,,,,,,x,,,,,,,,,,,,,,,,,,,,,x,,,,,,,,,,,,,,,,,,,,,,,,,,,x,,,,,,,,,,,,,,,,,,,,,,,,,,x,,,x,,x,,,,,,,,,,,,,,,,,,,,,,,,,,,,,,,,x,,x
Insurgency: Sandstorm,581320,51.1,,78,85,85,84,96486,2018-12-12,x,,,x,,x,,x,,,x,x,x,,,,,,,,,x,x,x,,,,,,,,,,,,x,x,x,,,,x,,,,,,,,,,,,,,,,,,,,,x,,,,,,,,,,,,,,,,,x,,,,,,,,,,,,,,,,x,,,,,,x,,,,,,,,,,,,,,,,,,,,,,,,,,x,,,,,,,,,,,,,,,,,,,,,x,,,x,,,,,,,x,,,,,,,,,,,,,x,,,,,,,,,,,,,,,,,,,x,,,,,,x,,,,,,,,,,,x,,,,,,,,,,,,,,,x,x,,,,,,,,,,,,,,,,,,,,,,,,,,,,,,,,x,,,,,,,,,,,,,,,,,,,,,,x,,,,x,,,,,,,,,,,,,,,,,,,,,,,,,x,,,,,,,,,,,,,,,,,,,,,,,,,,,x,,,,,x,,,,
Jar Wars,1095060,0.35,,,72,66,67,187,2020-02-25,x,,,,,,,,x,,,,,,,,,,,,,x,,x,,,,,,,,,,,,,,,,,,,,,x,,,,,,,,,,,,,,,,,,x,,,,,,,,,,,,,,x,,,,,,,,,,,,,,,x,,,,,,,,,,,,,,,,x,,,,,,,,,,,,,,,,,,,,,,,,,,,,,,,,,,,,,,,,,,,,,x,x,,,,,,,,,,,,,,,,,,x,,,,,,,,,,,,,,,,,,,,,,,,,,,,,,,,,,,,x,,,,,,,,,,,,,,,,,,,,,,,,,x,,,,,,,,,,,,,,,,,,,,,,,,,,,,,,,,,,,,,,,x,,,,,,,,,,,,,,,,,,x,,,,,,,,,,,,,,,,,,,,,,,,,,,,,,,,,,,,,,,,,,,,,,,x,,,,,,
Krunker,1408720,0.266666666666667,,,,,,,2021-02-01,,,,x,,x,,x,x,,x,,,,,,x,,,,,x,x,x,x,,,,,,,,,,,,x,,,,,,,,,,,,,,,,,,,x,,,,,,,x,,,,,,,,,,,,x,,,,,,,,,,,,,,,,,,x,,x,,,,,x,,,,,,,,,,,,,,,,,,,,,,,,,,,,,,,,,,,,,,,x,,,,,,,,,,,,,x,x,,,,,,,,,,,,,,,,,,,,,,,,,x,,,,,,,,,,,,,,,,,,,,,,,,,,x,x,,,x,,,,,,,,,,,,,,,x,,,x,,,,,,,,,,,,,,,,,,,,,,,,,x,,,,,,,,,,,,,,,,,,,,,,,,,,,x,,,,,,,,,,,,,,,,,,,,,,,,,,,,,,,x,,,,,,,,,,,,x,,,,,,,,,,,,,,,x,,,,,,,
Left 4 Dead,500,,,89,96,96,94,50501,2008-11-17,x,,,x,x,x,x,x,,,x,x,x,,,,,x,,,,x,,,,x,x,x,,,x,x,,,x,x,x,x,x,x,,,,,,,x,x,x,,,,,,,,,,,,,,x,,,,,x,,,,,,,,,,,,x,,,,,,,,,,,,,,,,,,,,,,x,,,,,,,x,,,,,,,,,,,,,,,,,,,,,,,,,,,,,,,,,,,,,,x,,x,,,x,,,,,,,,,,,,,,,,,x,,,,,,,,,,,,,,,,,,,,,,,,,,,,,,,,,,,x,,,,x,,,,,,,,,,,,,,,x,,,,,,,,,,,,,,,,,,x,,,,,,,,,,,,,,,,,,x,,,,,,,,,,,,,,,,,,,x,,,,,x,,,,,,,,,,,,,,,,,,,,x,,,,x,,x,,,,,,,,,,,,,,,,,,,,,,,,,,,,,,,,,,x
Left 4 Dead 2,550,2.61666666666667,,89,97,97,96,706580,2009-11-16,x,,x,x,x,x,x,x,,,x,x,x,,,,,x,,,,x,x,x,,x,x,x,x,x,x,x,,,x,x,x,x,x,,x,x,x,,,x,x,x,x,,,,,,,,,,,,,,x,,,,,x,,,,,,,,,,,,,,,,,,,,,,,,,,,,,,,,,,x,,,,,,,,,,,,,,,,,,,,,,,,,,,,,,,,,,,,,,,,,,,,,,,x,,,x,,,,,,,x,,,,,,,,,,x,,,,,,,,,,,,x,,,,,,,,,,,,,,,,,,,,,,,x,,,,x,,,,,,,,,,,,,,,x,,,,,,,,,,,,,,,,,,x,,,,,,,,,,,,,,,,,,x,,,,,,,,,,,,,,,,,,,x,,,,,x,,,,,,,,,,,,,,,,,,,,x,x,,,x,,x,,,,,,,,,,,,,,,,,,,,,,,,,,,,,,,,,,x
Lethal Company,1966720,1.9,,,97,97,96,375679,2023-10-23,x,,,x,,x,,x,,x,x,,,,,,,,,,,,x,,x,,,,,,,,,,x,,,,,,,,,,,,,,,,,,,,,,,,,,,,x,,,x,,x,,x,,,,,,,,,,x,,,,,,,,,,,,,,,,,,,,,,x,,,,,,,,,,,,,,,,,,,,,,,,,,,,,,x,,,x,,,,,,x,,,,,,,,x,,,,,x,,,,,,,,,,,,,,,x,,,,,,,,,,,,,,,,,,,,,,,,,,,,,,,,,,,,,,,,,,,,,,,,,,,,,,x,,,,,,,x,,,,,,,,,,,,,x,,,,x,,,x,,,,,,,,,,,,,,,,,,,,,,x,,,,,,,,,,,,,,,,,,,,,,,,,,,,,,,,x,,,,,,,,,x,,,,,,,,,,,,,,,,,,,,,,,,,,,,,,
,,,,,,,,,,,,,,,,,,,,,,,,,,,,,,,,,,,,,,,,,,,,,,,,,,,,,,,,,,,,,,,,,,,,,,,,,,,,,,,,,,,,,,,,,,,,,,,,,,,,,,,,,,,,,,,,,,,,,,,,,,,,,,,,,,,,,,,,,,,,,,,,,,,,,,,,,,,,,,,,,,,,,,,,,,,,,,,,,,,,,,,,,,,,,,,,,,,,,,,,,,,,,,,,,,,,,,,,,,,,,,,,,,,,,,,,,,,,,,,,,,,,,,,,,,,,,,,,,,,,,,,,,,,,,,,,,,,,,,,,,,,,,,,,,,,,,,,,,,,,,,,,,,,,,,,,,,,,,,,,,,,,,,,,,,,,,,,,,,,,,,,,,,,,,,,,
Marvel Rivals,2767030,1.18333333333333,,,81,81,80,164602,2024-12-05,x,,,x,,x,,x,x,,,x,,,,x,,,,,,x,x,x,,x,x,,,,,,,,,,x,,,,,,,,,,,,,,,,,,,x,,,,,,,x,,,,,,,,,,,,,,,,,,,,,,,,,,,,,,,,,,,,,,,x,,,,,,,x,,,,,,,,,,x,,,,,,,,,,,,,,,,,,,,,,,,,,,,,,,,,x,x,,,,,,,,,,,,,,x,,,,,,,,,,,,,,,,,,,,,,,,,,,,,,,,,,,x,,,,,,x,,,,,,,,,,,,,,,x,,,,,,,,,,,,,,,,,,,,,,,,,,,,x,,,,,,,,,,,,,,,,,,,,,x,,,,x,,x,,,,,,,,,,,,,,,,,,,x,,,x,,,,,,,,,x,x,x,,,,,,,,,,,,,,,,,,,,,,,,,,,,,,,,
Muck,1625450,1.73333333333333,,,93,93,92,171968,2021-06-05,x,x,x,x,,x,,,,,,,,,,,,,,,,x,x,x,,,,,,,,,,,x,,x,,,,,,,,,,,,,,,,,,,x,,,,,,,x,x,,x,,x,,,,,,,,,,,,,x,,,,,,x,,,,,,,,,,,,,,,,,,,x,x,,,,,,,x,,,,,,,,,,,,,,,,,,,,,,,,,,,x,,,x,,,,,x,,,,x,,,,,,,,,,,,,,,,,,,,,,,,,,,,,,,,,,,,,,,,,,,,,,,x,,,,,,,,x,,,,,,,,,,,,,,,,x,,,,,,,,,,,,,,,,,,,,,,,,,,,,,,,,,,,,,,,,x,,x,,,,,,,,,,,,,,,,,,,,,,,,,,,,,,,,,,,,,x,,,,,,,,,,,,,,,,,,,,,,,,,,,,,,,,,,,,,,,,
NVIDIA® VR Funhouse,468700,0.0666666666666667,,,79,77,75,845,2016-07-14,x,,,,,,,,,,,,,,,,,,,,,,,,,,,,,,,,,,x,,x,,,,,,,,x,,,,,,,,,,,,,,,,,,x,,,,,,,,,,,x,,,,,,,,,,,,,,,,,,,x,,,,,,,,,,,,,,,,,,,,,,,,,,,,,,,,,,,,,,,,,,,,,,,,,,x,,,,,,x,,,,x,x,,,,,,,,,,,,,,,x,,,,,,,,,,,,,,,,,,,,,,,,,,,,,,,,,,,,,,,,,,,,,,,,,,,,,,,,,,,,,,,,,,,,,,,,,,,,,,x,,,,,,,,,,,,,,,,,,,,,,,,,,,,,,,,,,,,x,,,,,,,,,,,,,,,,,,,,,,,,,,,,,,,,,,,,,,,,,,,,,,,,,,,,,,x,,,,,,
One-armed cook,1977530,0.3,,,92,92,90,26530,2022-08-30,x,,,x,,x,,,,,,,,,,,,,,,,x,x,,,,,,,,,,,,x,x,x,x,,,,,,,,,,,,,,,,,,x,,,,,,,,,,,,,,,,,,,,,,,,,,,,,,,,,,,,,x,,,,,,,,,x,,,,,,,,,,,x,,,,,,,,,,,,,,,,,,,,,,,,,,,,,,,,,,,,x,,,,x,x,,,,,,,,,,,,,,,,,,x,,,,,,,,,,,,,,,,,,,,,,,,,,,,,,,,,,,,x,,,,,,,,,,,,,,,x,,,,,,,,,,x,,,,,,,,,,,,,,x,,,x,x,,,,,,,,,,,,,,,,,,,,x,,,,,,,,,,,x,x,,,,,x,,,,,,,,,,,x,,,,,,,,,,,,,,,,,,,,,,,,,,,,,,,,,,,,,,x,,,,,,
OpenTTD,1536610,9.8,,,96,96,93,13660,2004-03-14,x,x,x,x,,x,,,x,,,,,,,,,,x,x,,x,x,x,,,,,,,,,,,x,,,,,,,,,,,,,,,,,,x,,,,,,,,,,,,,,,,,,,,,,,,,,,,,,,,,,x,,,,,,x,,,,,,x,,,x,,,,,,,,,,,,,,,,,,,,,,,,,,,,,,,,,,x,,,,,,,,,,,,,,,,,x,,,,,,,,,,,,,,,,,,,x,,x,,,,,,,,,,,,,,,x,,,,,,,,,,,,,,,x,,,,x,,,,,,,,,,,,,,,x,,,,,,,,,,,,,,,,,,,,,,,,,,,,,,,,,,,,,x,,,,,,,,,,,x,,,,,,,,,,,x,x,,,,,,,,,,,,,,x,,,,,,,,,,,,,,,,,,,,,,,,,x,,x,,,,,,,,,,,,,,,,,,,
OTXO,1608640,0.483333333333333,,81,94,93,90,2638,2023-04-20,x,,,x,,,,x,,,x,x,,,,,,,,,,,,,,,,,,,,,,,x,,x,x,,,,,,,,,,,,,,,,,,,,,,,,,x,x,,,,,,,,,,,,,,,,,,,,,x,,,,x,,,,,,,,,,,,,,,,,,x,,,,x,,,,,,,,,,,,,,,,,,,,,,,,,,,,,,,,,,,x,,,,,,,,,,,,,,,x,,,,,,,,,,,,,,,,,,,,,,,,,,,,,,,,,,,,,,,,,,,,,,,,,,,x,,,,x,,,,,,,,,,,,,,,,,,,,,,,,,,,,,,,,,,,,,,,,,,,,,,,,x,x,,,,,,,,,,,,x,x,,,,x,x,,,,,,,,,,,,,,,,,,,,x,,,,,,,,,,,,,x,x,,,,,,,,,,,,,,,,,x,,,,,,,,,
Overwatch® 2,2357570,6.45,,,22,22,23,324635,2023-08-10,x,,,x,,x,,x,x,,,x,,,,x,,,,,,x,x,x,,x,x,,,,,,,,,,x,,,,,,,,,,,,,,,,,,,,,,,,,,x,,,,,,,,,,,,,,,,,,,,,,,,,,,,,,x,,,,,x,,,,x,,,,,,,x,,x,,,,,,,,,,,x,,,,,,,,,,,,x,,,,,,,,,,,,,,,x,,,x,x,,,,,,,,,,,,,,x,,,,,,,,,,,,,,,,,,,x,,,,,,,,,,,,,,,,x,,,,,,x,,,,,,,,,,,,,,,,,,,,,,,,,,,,,,,,,,,,,,,,,,x,x,,,,,,,,,,,,,,,,,,,,,x,,,,,,x,,,,,,,,,,,,,,,,,,,,,,,,,,,,,,,x,,,,,,,,,,,,,,,,,,,,,,,,,,,,,,,,,,
Paladins - Public Test,596350,,,,,,,,,,,,,,,,,,,,,,,,,,,,,,,,,,,,,,,,,,,,,,,,,,,,,,,,,,,,,,,,,,,,,,,,,,,,,,,,,,,,,,,,,,,,,,,,,,,,,,,,,,,,,,,,,,,,,,,,,,,,,,,,,,,,,,,,,,,,,,,,,,,,,,,,,,,,,,,,,,,,,,,,,,,,,,,,,,,,,,,,,,,,,,,,,,,,,,,,,,,,,,,,,,,,,,,,,,,,,,,,,,,,,,,,,,,,,,,,,,,,,,,,,,,,,,,,,,,,,,,,,,,,,,,,,,,,,,,,,,,,,,,,,,,,,,,,,,,,,,,,,,,,,,,,,,,,,,,,,,,,,,,,,,,,,,,,,,,,,,,,,,,,,,,
Paladins®,444090,0.733333333333333,,83,84,84,83,346282,2018-05-08,x,,,,,x,,x,x,,,x,x,,,x,,,,,,x,,x,,,,x,x,x,,,,,,,x,,,,,x,,,,,,,x,,,,,,,,,,,,,,x,,,,,x,,,,,,,,,,,,,,,,,,,,,,,,,,,x,,,,,,,x,,,,x,,,,,x,,,,,,,,,,,,,,,,,,,,,,,,,,,,,,,,,x,,,,,x,,,x,x,x,,,,,,,,,,,,,x,,,,,,,,,,,,,,,,,,,,,,,,x,,,,,,,,,,,x,,,,,,x,,,,,,,,,,,,,,,x,,,,,,,,,,,,,,,,,,,,,,,,,,,,x,,,,,,,,,,,,,,,,,,,,,,,,,,,x,,,,,,,,,,,,,,,,,,,x,,,,,,,,,,,,x,,,,,,,,,,,,,,,,,,,,,,,,,,,,,,,,,,
Pavlov,555160,5.48333333333333,,,90,90,88,36776,2024-12-04,x,,,,,x,,,,,,,,,,,,,,,,x,x,x,,,,,,,,,,,,,,,,,,,,,x,,,,,,,,,,,,,,,,,,x,,,,,,,,,,,,,,,,,,,,,,,,,,,,,,,,,,,,,,,x,,,,,,,x,,,,,,,,,,,,,,,,,,,,,,,,,,,,,,,,,,,,,,,,x,,,x,,x,,,,,x,,,,,,,,,,,,,x,,,,,,,,,,,,,,,,,,,,,,,x,,x,,,,,,,,,,,x,,,,,,,,,,,,,,,x,,,,,,,,,,,,,,,,,,,,,,,,,,,,x,,,,,,,,,,,,,,,,,,,,,,,,,,,x,,,,x,x,,,,,,,,,,,,,,,,,,,,,,,,,,x,,,,,,,,,,,,,,,,,,,,,,,,,x,,,x,,,,,,x
PAYDAY 2,218620,,,79,90,90,89,433398,2013-08-13,x,,x,x,,x,,x,,,x,x,x,,,x,,,,,,x,x,,,,,x,x,x,x,,,,x,,x,x,,,,x,,,x,,,,,,,,,,,,,,,,,,x,,,,,,,,,,,,,,,,,,,,,,,,,,,,,,,,,,,,,,,x,,,,,,,,,,,,,,x,,,,,,,,,,,,,,,,,,,,,,,,,,,,,,,,,x,,,x,,x,,,,,,,x,x,,,x,,,,,,,,,,,,,,,,,,,,x,,,,,,,,,,,,,,,,,,,,,,,x,,,,,,,,,,,,,,,x,,,,,,,,,,,,,,,,,,,,,,,,,,,x,,,,,,,,,,,,,,,,,,,,,,,,,,,,x,,,,x,x,,,,,,,,,,,,x,,x,,,,,,,,,,x,,x,,,,,,,,,,,,,,,,,,,,,,,,,,,,,,,,,,
Phasmophobia,739630,1,,,96,96,95,604463,2020-09-18,x,,,x,,x,,x,,x,x,x,x,,,,,,,,,x,x,,,x,x,x,x,x,,,,,x,,x,x,,,,x,,,x,,,,,,,,,,,x,,,,,,,x,,,,,,,,,,,,,,,,,,,,,,,,,,,,,,,,,,,,,,,x,,,,,,,,,,,,,,,,,,x,,,,x,,,x,,,,,,,,x,,,,,,,,,,,,,,x,,,,,,,,,,,,,,,,,,,,x,,,x,x,,,,,,,,,,,,,,,,,,,,,,,,,,,,,,,,,,,x,,,,x,,,,,,,,,,,x,,,,,,,,,,,,,,,,,,,,,,,,x,,,,,,,,,,,,,,,,,,,,,,,,,,,,,,,,,,,,x,,,,,,,,,,,,,,,,,,x,,,,,,x,,,,,x,,,,,,,,,,,,,,,,,,,,,,,,,x,,,,,,
PICO PARK,1509960,2.15,,,91,91,89,21847,2021-05-07,x,,,x,,x,,,,,x,,,,,,,,,,,x,x,,,,,,,,,,x,,,,,,,,,,,,,,,,,,,,x,,,,,,,,,,x,,,,,,,,,,,,,,,,,,,,,,,,,,,,,,x,,,,,,,,,x,,,,,,,,,,,,,,,,x,,,,,,,,,,x,,,,,,,,,,,,,,,,,,,,,,,,,,x,,,,,,,,,,,,,,,x,,,x,,,,,,,,,x,x,,,,,,,,,,,,,,,,,,,,,,,,,,x,,,,,,,,,,,,,,,x,,,,,,x,,,,,,x,x,,,,,,,,,,,,x,x,,,,,,,,,,,,x,,,,,,,,,,,,,,,,,,,,,,,,,,,x,,,,,,,,,,,,,,,,,,,,,,,,,,,,,,,,,,,,,,,,,,,,,,,,,,,,,,,
PICO PARK:Classic Edition,461040,0.0333333333333333,,,72,70,70,1461,2016-04-28,x,,,x,,x,,x,,,,x,,,,,,,,,,x,,,,,,x,,,x,x,x,,,,,,,,,x,,,,,,,,,,,,,,,,,,,,,x,,,,,x,,,,,,,,,,,,,,,,,,,,,,,,,x,,,,,,,,,x,,,,,,,,,x,,,,,,,x,,,,,,,,,,,,,,,,,,,,,,,,,,,,,,,,,,,x,,,,,,,,,,,,,,,,x,,,x,,,,,,,,,x,x,,,,,,,,,,,,,,,,,,,,,,,,,,x,,,,,,,,,,,,,,,x,,,,,,,,,,,,x,,,,,,,,,,,,x,x,x,,,,,,,,,,,,,,,,,,,,,,,,,,,,,,,,,,,,,,,,,,,,,,,,,,,,,,,,,,,,,,,,,,,,,,,,,,,,,,,,,,,,,,,,,,,,,,
PlanetSide 2,218230,3.73333333333333,,84,81,81,80,73154,2012-11-20,x,,,x,,x,,,,,,,x,,,,,,,,x,x,,x,,,,,,,,,,,,,,x,,,,x,,,,,x,,x,,,,,,,,,,,,,,x,,,,,x,,,,,,,,,,,,,,,,,,,,,,,,,,,,,,,,,,x,,,,,,,,,,,,,,,,,,,,,,,,,,,,,,,,,,,,,,,,,,,,,,,x,,,x,x,,x,,,,,,,,,,,,,,,,,,,,,,,,,,,,,,,,,,,,x,,,,,,,,,,,,,,,,,x,,,,,,,,,,,,,,,x,x,,,,,,,,,,,,,,,,,,,,,,,,,,,x,,,,,,,,,,,,,,,x,,,,,,x,,,,,,x,,,,,,,,,,,,x,,,,,,,x,,,,,,,,,,x,,x,,,,,,,,,,,,,,,,,,,,,,,,,,,,,,x,,,,
PlanetSide 2 - Test,1083500,,,,82,76,74,120,2012-11-20,x,,,,,,,,,,,,,,,,,,,,,x,,,,,,,,,,,,,,,,,,,,,,,,,,,,,,,,,,,,,,,,,x,,,,,,,,,,,,,,,,,,,,,,,,,,,,,,,,,,,,,,,,,,,,,,,,,,,,,,,,,,,,,,,,,,,,,,,,,,,,,,,,,,,,,,,,,x,x,,,,,,,,,,,,,,,,,,,,,,,,,,,,,,,,,,,,,,x,,,,,,,,,,,,,,,,,,,,,,,,,,,,,,,,,,,,,,,,,,,,,,,,,,,,,,,,,,,,,,,,,,,,,,,,,,,,,,,,,,,,,,,,,,,,,,,,,,,,,,,,,,,,,,,,,,,,,,,,,,,,,,,,,,,,,,,,,,,,,,,,,,,,,,,,
Plants vs. Zombies GOTY Edition,3590,0.2,,87,97,97,96,124636,2009-05-05,,,,x,,,,,,,x,,,,,,,,,,,,,,,,,x,x,x,,,,,x,,x,,,,,,,,,,,,,,,,x,,,,,,,,,,,,,,x,x,,,,,,,,,,,,,,,,,,,,,,,,,x,,,,,,,,x,,,,,,,x,,,,,,,,,,x,,,,,,,,,,,,,,,,,,,,,,,,,x,,,,,,,,,,,x,,,,,,,x,,,,,,,,,,,x,,,,,,,,,,,,,,,,,,,,,,,,,,,,,,,,,,,,,,,,,,,,,,,,,,,,,,,,,,,,,,,,,,,,,x,,,,,,,x,,,,,,,,,,,,,,,,,,,,,,,,,,,,,,,,,,,x,,,,,,,,,,,,,,x,,,,,,x,,,,x,,,,,,,,,,,x,x,,,,,,,,,,,,,,,,,,,,,,,,x
Please Fix The Road,1383250,0.6,,80,78,73,73,228,2022-06-10,x,x,x,x,,,,x,,,x,x,,,,,,,,,,,,,,,,,,,,,,,x,,x,x,,,,x,,,,,,,,,,,,,,,,,,,,,,,,,,,,,,,,,,,,,,x,,,,,,,x,,,,,,x,,,,,,x,,,,,,,x,,,,,,,,,,,,x,,,,,,,,,,x,,,,,,,,,,,,,,,x,,,,,,,,,,,,,,,,,,,,,,,,,,,,,x,,,,,,,,,,,x,,,,,,,,,,,,,,,,x,,,,,,,,,,,,,,x,,,,,,,,,,,,,,,,,,,,,,,,,,,,,,,,,,,x,,,,,,,,,x,,,,,,,,,,,,,,,,,,,,,,,,,x,x,,,,,,,,,,,,,,,,x,,,,,,,,,,,,,,,,,x,,,,,,,,x,,,,,x,,,,,,,,,,,,,,
Poly Bridge,367450,3.68333333333333,,73,91,91,89,15643,2016-07-12,x,x,x,,,,,,,,x,,,,,,x,,,,,,,,,,,x,x,x,,,,,x,x,x,x,,x,,x,x,,,,,,,,,,,,,,,,,,,,,,,,,,,,,,,,,,,,,,,,,,,,x,,,,x,,,,,x,,,,,,,,,,x,,,,,,,,x,,,,x,,,,,,,,,,x,,,,,,,,,x,,,,,,x,,,,,,,,,,,x,,,,,,,x,,,,,,,,,,,x,,,,,,x,,,,,,,,,,,,,,,,,,,,,,,,,,,,,,,,,,,,,,,,,,,,,,,,,,,,,,,x,,,,,,,,,,,,,,,x,,,,,,,,,,,,,,,,,,,,,,,x,,,,,,,,,,,x,x,,,,,,,,,,,,,,x,,x,,,,,,,,,,,,,,,,,,,,,,,,,,,,,,,,,,,,,,,,,,,,
Poly Bridge 2,1062160,,,,95,95,92,7312,2020-05-28,x,x,x,x,,,,,,,x,,,,,,x,,,,,,,,,,,,,,,,,,x,,x,x,,,,,,,,,,,,,,,,,,,,,,,,,,,,,,,,,,,,,,,,,,,,,,,,,x,,,,,x,,,,x,,,,,,,,,,,,,,,,,,x,,,,x,,,,,,,,,,x,,,,,,,,,x,,,,,,x,,,,,,,,,,,x,,,,,,,x,,,,,,,,,,,x,,,,,,x,,,,,,,,,,,,,,,,,,,,,,,,,,,,,,,,,,,,,,,,,,,,,,,,,,,,,,,x,,,,,,,,,,,,,,,x,,,,,,,,,,,,,,,,,,,,,,,x,,,,x,,,,,,,x,x,,,,,,,,,,,,,,x,,x,,,,,,,,,,,,,,,,,,,,,,,,,,,,,,,,,,,,,,,,,,,,
Portal,400,1.61666666666667,,90,98,98,97,148220,2007-10-10,x,,x,x,x,,x,x,,,x,x,x,x,,,x,x,,,,,,,,x,x,x,x,x,,x,,,x,,x,,x,,,,,,,,x,,x,,,,,,,,,x,,,,,x,,,,,x,,,,,,,,,,,,x,,,,,,,,,,,,,,,,,,,,,x,,,,,,,x,,,,,,,,,,,,,,x,,,,,,,,,,,,,,,,,,,,,,,,,x,,x,,,x,,x,,,,,,,,,,,,,,,,,,,,,,,,,,,,,,,,,,,,,,,,,,,,,,,,,,,,,,,,,,,,,,,,,,,,,,,,,,,,,,,x,,,x,,,,,,,,,,,,x,x,,,,,,,,,,,,,,,,,,,,,,,x,x,,,,,,x,,,,x,,,,,,,,,,,,,x,,,,,,,,,,,,,,,,,,,,,,,,,,,,,,,,,,,,,,,,,,,,,,,
Portal 2,620,2.51666666666667,,95,98,98,97,348533,2011-04-18,x,,x,x,x,x,x,x,,,x,x,x,,,,x,,,,,,x,,,x,x,x,x,x,x,x,x,,x,x,x,x,x,,,x,x,,,,x,,x,,,,,,,,,x,,,,,x,,,x,,x,,,,,,,,,,,,x,,,,,,,,,,,,,,,,,,,,,,x,,,,,,x,,,,,,,,,,,,,,x,,,,,,,,,,,,,,,,,,,,,,,,,x,,x,,,x,,x,,,,,,,,,,,,,,,,,,,,,,,,x,,,,,,,,,,,,,,,,,,,,,,,,,,,,,,,,,,,,,,,,,,,,,,,,,,,,,,,x,,,x,,,,,,,,,,,,x,x,,,,,,,,,,,,,,,,,,,,,,,x,x,,,,,,,,,,,,,,,,,,,,,,,x,,,,,,,,,,,,,,,,,,,,,,,,,,,,,,,,,,,,,,,,,,,,,,,
Portal Reloaded,1255980,0.816666666666667,,,96,96,94,20657,2021-04-19,x,x,x,x,x,x,,x,,,,,,,,,,,x,,,x,x,,x,,,x,,,,x,x,,x,,,,,,,,,,,,,,,,,,,,,,,x,,,,,x,,,,,x,,,,,,,,,,,,x,,,,,,,,,,,,,,,,,,,,,,x,,,,,,,,,,,,,,,,,,,,,,,,,,x,,,,,,,,,,,,,,,,,,,,,x,,,x,x,x,,,,,,,x,,,,,,,,,,,,,,,,,,,,,,,,,,,,,,,,,,,,,,,,,,x,,,,,x,,,,,,,,,,,,,,,,,,,,,,,,,,,,,,,,,,,,,,,x,x,x,,,,,,,,,,,,,,,,,,,,,,,x,x,,,,,,,,,,x,,,,,,,,,,,,,,,,,,,,,,,,,,,,,,,,x,,,,,,,,,,,,,,,,,,,,,,,,,,,,
Portal Stories: Mel,317400,,,,96,96,94,22281,2015-06-25,x,x,x,,x,,,x,,,,x,,,,,,,,,,x,,,,,,x,,,,x,,,x,,x,x,,,,,,,,,,,,,,,,,,,,,,,,,x,,,,,x,,,,,,,,,,,,x,,,,,,,,,,,,,,,,,,,,,,,,,,,,,,,,,,,,,,,,,,,,,,,,x,,,,,,,,,,,,,,,,,,,x,,x,,,x,x,x,,,,,,,x,,,,,,,,,,,x,,,,,,,,,,,,,,,,,,,,,,,,,,,,,,,x,,,,,x,,,,,,,,,,,,,,,,,,,,,,,,,,,,,,,,,,,,,,,,x,x,,,,,,,,,,,,,,,,,,,,,,,x,x,,,,,,,,,,x,,,,,,,,,,,,,x,x,,,,,,,,,,,,,,,,,,,,,,,,,,,,,,,,,,,,,,,,,,,,,,
Portal with RTX,2012840,0.0833333333333333,,,60,59,59,17464,2022-12-08,x,,,,x,x,x,x,,,,,,,,,x,x,,,,,,,x,,,x,x,x,,x,,,x,,x,,,,,,,,,,,,,,,,,,,,,,,,,,x,,,,,,,,,,,,,,,,,x,,,,x,,,,,,,,,,,,,,,,,,x,,,,,,,,,,,,,,,x,,,,,,,,,,,,,,,,,,,,,,,,,,,,,,x,,x,,,,x,x,,,,,,,,,,,,,,,,,,,,,,,,,,,,,,,,,,,,,,,,,,,,,,,,,x,,,,,,,,,,,,,,,,,,,,,,,,,,,,,,x,,,x,,,,,,,,,,,x,x,x,,,,,,,x,,x,,,,,,,,,,,,,,x,,,,,,,,,,,x,,,,,,,,,,,,,x,,,,,,,,,,,,,,,,,,,,,,,,,,,,,,,,,,,,,,,,,,,,,,,
Project Zomboid,108600,0.25,,,94,94,93,264733,2013-11-08,x,x,x,x,,x,,x,x,x,x,,x,,,,,,,,,x,x,x,x,,,x,,,,x,x,,x,,,,,,,x,x,,,,,,,,,,x,,,,,,,,,,,,,,,x,,,,,,,,,,,,,,,,,,,x,,,,,,,,,,,,,,,x,,,,,,,,,,,,x,,,,,,,,,,,,,,,,,,,,,x,,,,,,,,,,,,,,,,,,,,,,,,,,,,,,,,,,,,,x,,x,,,,,,,,,,,,,,,,,,,,,,,,,,,,,,,,,,x,,,,,,,,,,,,,,,,x,x,,,,,,,,,,,,,,,,x,,,,,,,,,,,,,,,x,,,,,,,,,,x,,,,,x,,,,,,,,,,,x,x,,,,,,,,,,,,,,,,,,,,x,x,,,,,,,,,,,,,,,,,,,,,,,,,,,,,,,,,,,,,,,x
PUBG: BATTLEGROUNDS,578080,,,,59,59,59,2488613,2017-12-21,x,,,,,x,,,,,,,,,,,,,,,,x,,x,,,,x,x,x,,,,,,x,x,,,,,,,,,,,,,,,,,,,,,,,,,,x,,,,,,,,,,,,,,,,,,,x,,,,,,,,,,,,,,,,,,,,x,,,,,,,x,,,,,,,,,,,,,,,,,,,x,,,,,,,x,,,,,,,,,,,,,,x,,,x,,,,,,,,,,,,,,,,,,,,,,,,,,,,,,,,,,,,,,,,,,,,,,,,,,,,,,,,x,,,,,,,,,,,,,,,x,,,,,,,,,,,,,,,,,,,,,,,,,,,,x,,,,,,,,,,,,,,,,,,,,,,,,,,,x,,,,x,,,,,,,,,,,,,x,,x,,,,,,x,,,,x,,x,x,x,,,,,,,,,,,,,,,,,,,,,,,,,,,,,,,,
Quiplash,351510,0.833333333333333,,,93,92,88,937,2015-06-30,x,x,x,x,,x,,x,,,x,x,,,,,,,,,,x,,,,,,x,x,x,x,x,,x,,,x,x,,,,,,,,,,,,,,,,,,,,,,,,,,,,,,,,,,,,,,,,,,,,,,,,x,,,,,,,x,,,,,,,,,x,,,,,,x,,,,,,,,,,,,,,,,,,,,,,,,,,,,,,,,,,,x,,,,,,,,,,,x,,,,,,,,,,,,,,,,,,x,,,,,,,,,,x,,,,,,,,,,,,,,,,,,,,,,,,,,x,,,,,,,,,,,,,,,,,,,,x,x,,,,,,,,,,,,,,,,,,,,,,,,,,,,,,,,,,,,,,,,,,,,,,,,,,,,,,,,,,,,,,,,,,,,x,,,,,,,,,,,,,,,,,,,,,,,,,,,,x,,,,,,,,,,,,,,,,,,
Raft,648800,10.25,,,93,93,92,284944,2022-06-20,x,,,x,,x,,,,,x,,x,,,,,,,,,x,x,,,,,,,,,,,,x,,x,x,,,,,,,,,,,,,,,,,,,,,,,,,x,,,,,x,,,,,,,,,,,,,x,,,,,,x,,,,,,,,,,,,,,,x,,,,,,,,,,,,x,,,,,,,,,,,,,,,,,,,,,x,,,,,,,,,,,,,,x,,,,,,,,,,,,,,,,,,,,,,,x,,,,,,,,,,,,,,,,,,,x,,,,,,,,,,,,,,,,,x,,,,,,,,,,,,,,,x,x,x,,,,,,,,,,,,,,,,,,,,,,,,,,,,,,,,,,,,,,,,,,,,,,x,,,,,,,,,,,x,x,,,,,,,,,,,,,,x,,,,,,x,,,,,,,,,,,,,,,,,,,,,,,,,,,x,,,,,,,,,,,,,
Ratz Instagib,338170,12.6833333333333,,,90,89,86,2470,2016-07-27,x,x,,,,,,,,,x,,,,,,x,,,,,x,,,,,,,,,,,,,,x,x,,,x,,,x,,,,,,,,,,,,,,,,,,,,x,,,,,,,,,,,,,,x,,,,,,,,,,,,,,,,,,,,,,,,,,,,,,,,,,,,,,,,,,,,,,,,,,,,,,,,,,x,,,,,,,,,,,x,,,x,,,x,,,,,,,x,,x,,,,,,,,x,,,x,,,,,,x,,,,,,,,,,,,,,,,,,,,,,,,,,,,,,x,,,,,,,,,,,,,,,,,,,,,,,,,,,,,x,,,,,,,,,,,,,,,,,,,,,,,,,,,,,,,,,,,,,,,,,x,,,,,,,,,,,,,,,,,,,,,x,,,,,,,,,,,,,,,,,,,,,,,,,,,,,,,,,,,,,,,,,,,,
Rec Room,471710,3.85,,,90,90,89,68574,2016-06-01,x,,,,,x,,x,x,,,x,,,,x,x,,,,x,x,x,x,,,,,,,,,,,,,,,,,,,,x,x,,,,,,,,,,,x,,,,,,,x,,,x,,x,,,,,,,,,,,,,,,,,,,,,,,,,x,,x,,,,,,,x,,,,,,,,,,,,,,,,,,,,,,,,,,,,,,,,,,,,,,,,,x,,,,,,x,,,,x,x,,,,,,,,,,,,,,,x,,,,,,,,,,,,,,,,,,,,,,x,,,,,,,,,,,,,,,,,x,,,,,,,,,,,,,,,x,,,,,,,,,,,,,,,,,,,,,,,,,,,,,,,,,,,,,,,,,,,,,,,,x,,,,,,,,,,,x,x,,,,,,,,,,,x,,,,,,,,,,,,,,,,,,,,,,,,,,,,,,,,,,,,,,,,,,,x,,,,,,
Red Dead Online,1404210,1.15,,,83,83,82,56157,2020-12-01,x,,,x,,x,,x,,,x,,,,,x,,,,,,x,x,x,x,,,x,x,x,,,,,,,x,,,,,,,,,,,,,,,,,,,,,,,,,,x,,,,,x,,,,,,,,,,,,,,,,,,,,,,,,,,,x,,,,,,,x,,,,,,,,,x,,,,,,,,,,,,,,,,,,,,,,,,,,,,,,,,,,,,,,x,,,,,,,,,,x,,,,,,,,,,,x,,,,,,,,,,,,,,,,,,,,,,,,,,,,,,,x,,,,,,,x,,,,,,,,,,,,,,,x,x,,,,,,,,,,,,,,,,,,,,,,,,,,,x,,,,,x,,,,,,,,,,,,,,,,,,,,,,x,,,,,x,,,,,,,,,,,,,x,,,,,,,,,,,,,,,x,,,,,,,,,,,,,,,,,,,,,,,x,,,,,,,x,,
Ricochet,60,0.2,,,81,80,78,4229,2000-11-01,x,x,x,x,,,,,,,x,,,,,,,,,,,x,,x,,,,,,,,,,,,,,,,,,,,,,,,,,,,,,,,x,,,,,,,x,,,,,,,,,,,,,,,,,,,,,,,,,,,,,,,,,,,,,,x,,,,,,,,x,x,,,,,,,x,,x,,,,,,,,,,,,,,,,,,,,,,,,,,,,,,x,,,x,,,,,,,,,x,,,,,,,,,,,,,,,,,,,,,,,,,,,,,,,,,,x,,,,,,,,,,,,,x,,,,,,,,,,,,,x,,,,,,,,,,,,,,,x,,,,,,,,,,,x,,,,,,,,,,,,,,x,,,,,,,,,,,x,,,,,,x,,,,,,,,,,,,x,,,,x,,,,,,,,,,,,,,,,,,,,,,,,,,,,,,,,,,,,,,,,,,,,,,,,,
Rise of the Tomb Raider™,391220,1.18333333333333,,86,94,94,93,107282,2016-02-09,x,x,x,x,,,,x,,,x,x,x,,,,,,,,,x,,,,x,,x,x,x,x,,,,x,,x,x,,x,,x,,,x,x,x,x,x,,,,,,,,,,,,,,x,,,x,,x,,,,,,,,,,,,x,,,,,,,,,,,,,,,,,,,,,,,,,,,,,,,,,,,,,,,,,,,,,,,,,,,,,,,,,,,,,x,,,,,,x,,,,,,,,,,,,,,x,,,,,,,,,,,,,,,,,,,,,,,,,,,,,,,,,,,,,,,,,,,,,,,x,,,,,,,,,,,,,,,,x,,x,,,,,,,,,,,,,,,,,,,,,,x,,,,x,,,,,,,,,,,,,,x,,,,,,,,,,,,x,,,,,x,,,,,,,,,,,,x,x,,,,,,,x,,,,,,,x,x,,,,,,,,,,,,,,,,,,,,,,,,,,,,,,,,
Risk of Rain 2,632360,0.0166666666666667,,85,93,93,92,205034,2020-08-11,x,,,x,,x,,x,,,x,x,,,,,,,,,,x,x,x,,,,x,x,x,x,,,,x,,x,x,,x,,,,,,,,,,,,,,,,,,,,,,,x,x,,,,,,,,,,,,,,,,,,,,,,,,x,,,,,,,,,,,,,,x,,,,,,,,,,,,,,,,,,,,,,,,,,x,,,,,,,x,,,,,,,,,,,,,,,,,,,,,,,,,,x,,,,,,,,,,,x,,,,,,,,,,,,x,x,,,,,,,,,,,,,,,,,,,,,,,x,,,,,,,,,,,,,,,x,,,,,,,,,,,,,,,,,,,,,,,,,,,,,,,,,,,,,,,,,x,x,,,,,,,,,,,,,x,,,,,x,,,,,,x,,,,,,,,,,,,,,x,,,,,,,x,x,,,,,,,,,,,,,,,,,,,,,,,,,,,,,,,,
RISK: Global Domination,1128810,0.416666666666667,,,80,80,79,37835,2020-02-19,x,x,,x,,x,,,x,,,,,,,x,,,,,,x,x,x,,,,x,x,x,,x,x,x,x,,x,,,,,,,,,,,,,,,,,,,,,,,,,,,,,,,,,,,,,,,,,,,,,,,,,x,,,,,,,x,,,,,,,,x,,,,,,,,,,,,,,,,,,,,,,,,,,,,,,,,,,,,,,,,,,,,,,,,,,,,x,,,,,,,x,,,,,,,,,,,,x,,,,,,,,,x,x,,,,,,,,,x,,,,,,,,,,,,,,,,,x,,,,,,,,,,,,,,,x,,,,,,,,,,,,,,,,,,,,,,,,x,,,,,,,,,,,,,,,,,,,,,,,,,,,,,,,,,,,,x,,,,,,,,,,,,,,x,,,,,,,,,x,x,,,,,,,,,,,,,,,,,,,x,x,x,,,,,,,,,,,x,,,,
SCP: Secret Laboratory,700330,1.81666666666667,,,91,91,90,207424,2017-12-29,x,,,x,,x,,,,,,,x,,,,,,,,,x,,x,,,,,,,,,,,,,x,x,,,,,,,,,,,,,,,,,,,,,,,,,x,,,,,x,,,,,,,,,,,,x,,,,,,,,,,,,,,,,,,,,,,x,,,,,,,,,,,,,,,,,,,,,,,,,,x,,,,,,,,,,,,,,,,x,,,,,x,,,x,x,,,,,,,,,,,,,,,,x,,,x,,,,,,,,,,,,,,,,,,,,,,,x,,,,,,,,,,,,,x,,,,,,,,,,,,,,,x,,,,,,,,,,,,,,,,,,,,,,,,x,,,,,,,,,,,,,,,,,,,,,,,,,x,,,,,,x,,,,,,,,,,,,,,,,,,,x,,,,,,x,x,,,,,,,,,,,,,,,,,,,,,,,,,,,,,,,,,,,,,,,
Sea of Thieves: 2024 Edition,1172620,0.483333333333333,,,89,89,88,299538,2020-06-03,x,,,x,,x,,x,x,,x,,,,,x,,,,,,x,x,x,x,,,x,x,x,,,,,,,x,,,,,x,,,,,,,,,,,,,,,,,,,,,x,,,,,x,,,,,,,,,,,,x,,,,,,,,,,,,,,,,,,,,,,x,,,,,,,,,,,,,,,,,,,,,,,,,,,,,,,,,,,,,,,x,,,,,,,,x,,,x,,x,,,,,,,x,,,,,,,,,,,,,,,,,,,,,,,,,,,,,,x,,,,,,,,,,,,,,,,,x,,,,,,x,,,,,,,,,x,x,,,,,,,,,,x,,,,,,,,,,,,,,,,x,x,,,,,,,,,,,,,,,,,,,x,,,,,,,,,,,,,x,,,,,,,,,,,,,,,,,,,,,,x,,,,,,,,,,,,,,,,,,,,,,,,,,,,,,,,,,,,,,
SIGNALIS,1262350,,,,96,96,94,21060,2022-10-27,x,,,x,,,,x,,,x,x,,,,,,,,,,,,,,x,x,,,,,,,,x,,x,x,,,,,,,,,,,,,,,,,,,,,,,,,x,,,x,,x,,,,,,,,,,,,x,,,,,,,,,,,,,,,,,,x,,,,,,,,,,,,,,,,,,,,,x,x,,,,,,,,,,,,,,x,,,,,,,,,,,,,x,,,,,,,,,,,,,,,,,,,,,,,,,,,,,,,,x,,,,,,,,x,,,,,,,,,,,,,,,,,,,,,,,,,x,,,,,,,,,,,,,,,,,,,,,,,,,,,,,,,,,,,x,x,,,,,,,,,,,,,,,,,,,,,,,,x,,,,,,x,,,,,x,,,,,,,,,,,,,,,,,,,,,x,,,,,,,x,,,,,,,,,,,,,,,,,,,,,,,x,,,,,,,,,
Simutrans,434520,0.116666666666667,,,75,72,71,603,2016-05-24,x,x,x,,,,,,,,,,,,,,,,,x,,x,,x,,,,,,,,,,,x,,x,x,,,,,x,,,,,,,,,,x,,,,,,,,,,,,,,,,,,,,,,,,,,,,,,,,,,x,,,,,,,,,,,,x,,,,,,,,,,,,,,,,,,,,,,,,,,,,,x,,,,,,,,x,,,,,,,,,,,,,,,,,x,,,,,,,,,,,,,,,,,,,x,,x,,,,,,,,,,,,,,,x,,,,,,,,,,,,,,,x,,,,x,,,,,,,,,,,,,,,,,,,,,,,,,,,x,,,,,,,,,,,,,,,,,,,,,,,,,x,,,,,,,,,,,x,,,,,,,,,,,x,x,,,,,,,,,,,,,,x,,,,,,,,,,,,,,,,,,,,,,,,,x,,x,,,,,,,,,,,,,,,,,,,
Space Pirate Trainer,418650,3.31666666666667,,,94,93,90,2611,2017-10-12,x,,,,,,,,,,x,,,,,,,,,,,,,,,,,,,,,,,,x,,x,,,,,,,x,x,,,,,,,,,,,,,,,,,,x,,,,,,,,,,,,x,,,,,,,,,,,,,,,,,,,,,,,,,,,,,,,,,,,,,,,,,,,,,,,,,,,,,,,,,,,,,,,,,,,,,,,,,,x,,,x,,,,,,,,,x,,,,,,,,,,,,,,,,,,,,,,,,,,,,,,,,,,,,,,,,,,,,,,,,,,,,,,,,,,,,,,,,,,,,,,,,,x,,,,,,,,,,,,,,,,,,,,,,,,,,,,,,,,,,,,,,x,,,,,,x,,,,,,,,,,,,x,,,,,,,,,,,,,,,,,,,,,,,,,,,,,,,,,,,,,,,,,,,,,,,x,,,,,,
Spellbreak,1399780,,,,86,86,84,14019,2020-12-15,,,,,,x,,x,x,,x,,x,,,x,,,,,,x,,x,x,,,,,,,,,,,,x,,,,,,,,,,,,,,,,,,,x,,,,,,,x,,x,,,x,,,,,,,,,,,,,,x,,,,,,,,,,,,,,,,,,x,,x,,,,x,,,,,x,,,,,,,,,,,,,,,,,,,,,,,,,,,,,,,,,x,,,,,,,,,x,,,,,,,,,,,,,,,,,,,,,,,,,,,,,,,,,,,x,,,,,,,,,,,,,,,,,,,,x,,,,,,,,,,,,,,,,,,,,x,,,,,,,,,,,,,,,,,,,,,,,x,,,,,,,,,,,,,,,x,,,,,,,,,,,,,,,,,,,,,,,,,,,,,,,,,x,,,,,,,,,,x,x,x,,,,,,,,,,,,,,,,,,,,,,,,,,,,,,,,
Splitgate,677620,4,,,91,91,90,111684,2019-05-24,x,,x,x,x,x,,x,x,,,x,x,,,x,,,,,,x,,x,,,,,,,,,,,x,,x,,,,,,,,,,,,,,,,,,,,,,,,,,x,,,,,,,,,,,,,,x,,,,,,,,,,,,,,,,,,,,,,,,,x,,,,,,,x,,,,,,,,,,,,,,,,,,,,,,,,,,,,,,x,,,,,,,x,,,x,,,x,x,,,,,,,,,,,,,,,,,,,x,,,,,,,,,,,,,,,,,,,,,,,,,,,,,,,,,,,,x,,,,,,,,,,,,,,,x,,,,,,,,,,x,,,,,,,,,,,,,,,,,,x,,,,,,,,,,,,,,,,,,,,,x,,,,,,x,,,,,,,,,,,,,,,,,,,x,,,,,,,,,,x,,x,,,,,,,,,,,,,,,,,,,,,,,,,x,,,,,,,,,
Star Trek Online,9900,1.51666666666667,,66,78,78,77,19776,2010-02-02,x,,,,,x,,x,,,,x,x,,,x,,,,,x,x,,,,,,,,,,,,,,,,,,,,,,,,,,,,,,,,,,,,,,,,,x,,x,,,x,,,,,,,,,,,,,,,,,,,,,,,,,,,x,,,,,,,x,,,,,,,,,,,,,,,,,,,,,,,,,,,,,,,,,,,,,,,,,,,,,,,,,,,x,,,,,,,,,,,,,,,,,,,,,,,,,,,,,,,,,,,,,,x,,,,,,,,,,x,,,,,,,x,,,,,,,,,,,,,,,x,x,,,,,,,,,,,,,,,,,,,,,,,,,,x,x,,,,,,,,,,,,,,,x,,,,,,x,,,,,,,,,,,x,,,,,,,x,,,,,,,x,,,,,,,,,,x,,,x,,,,,,,,,,,,,,,,,,,,,,,,,,,,,,,,,
STAR WARS Jedi: Fallen Order™,1172380,1.78333333333333,,81,88,88,87,132579,2019-11-14,,,,x,,,,x,,,,x,,,x,,,,,,,,,,,x,x,x,,x,x,,,,x,,x,,,,,x,,,,,,,,,,,,,,,,,,,,,x,,,x,,x,,,,,,,,,,,,x,,,,,,,,,,,,,,,,,,,,,,,,,,,,,,,,,,,,,,,,,,,,,,,,,,,,,,,,,,,,,x,,x,x,,,,x,,,,,,,,,,,,,,,x,,,,,,,,,,,,,,,,,,,,,,,,,,,,,,,,,x,,,,,,,,,,,,,,,,,,,,,,,,,,,,x,,,,,,,,,,,,x,,,,,,,,,,,,x,,,,,,,,,,,,,,,,,,x,,,,,,x,,,,,,,,,,,,,,,,x,,x,,,,,,x,,,,,,,,,x,,,,,x,,,,,,,,,,,,,,,,,,,,,,,,,,,,,,,,,
Stardew Valley,413150,5.65,,89,98,98,97,718675,2016-02-26,x,x,x,x,,x,,x,,,x,x,x,,,,,,x,,,x,x,,,,,x,x,x,,x,x,,x,,x,x,,,,x,,,,x,x,x,x,,,,x,,,,,,,,,,,,,,,,x,,,,,,,,,,,,,,,,,,x,,,,,,x,,,,,,,,,,,,,,,,,,,,,x,,,,x,,,,,x,,,,,,,,,,,,,,,,,,,,,,x,,,,,x,,,,,,,,,,,x,,,,,,,,,,,x,,,,,,,,x,,,,,,,,,,,,,,,,,,,,,,,,,,,,x,,,,,,,,,,,,,,,,x,,,,,,,,,,,x,,,,,,,,,,,,,,,,,,,,,,x,,,,,,,,,x,,,,,x,,,,,,,,,,,x,x,,,,,,,,,,,,,,,,,,,,,,,,,,,,,,,,,,,,,,,,,,,,,,,,,,,,,,,,,,,,
Stellaris,281990,4.36666666666667,,78,88,88,87,123986,2016-05-09,x,x,x,x,,,,,x,,x,,x,,,,,,,,,x,,,,,,,,,,,,,x,,x,x,,,,x,x,,,x,,x,,,,,,,,,,,,x,,,,,,,,,,,,,,,,,,,,x,,,,,,,,,,,,,,,,,,,,,,,,,,,,,,,,,,,,,,,,,,,,,,,,,,x,,,,,,,,,,,x,,,,,,,,,,,,,,x,,,,,x,x,,,,,,,,,,,,,,,,,,,,,,,,,,,,x,,,,,,,,x,,,,,,,x,,,,x,,,,,,,,,,,,,,,,,,,,,,,,,,,,,,,,,,,x,,,,,,,,,,,,x,,,,x,,,,,,,,,,,,x,x,,,,,,,,,,x,x,,,,,,,x,,,,,,,x,,,,,,,,,,,,,,,,,,,,,,,,,,,,,,,,,,,,,,,,,,,,,,
Stick Fight: The Game,674940,8.7,,,93,93,92,96871,2017-09-28,x,x,,x,,x,,x,,,x,,x,,,,,,,,,x,,x,x,,,x,x,x,,x,,x,,,x,,,,,,,,,,,,,,,,x,x,,,,,x,,,,x,,,,,,,,,,,,,,,,,,,,,,,,,,,,,,x,,,,,,,,,x,,,,,,,,,x,,,,,,,,,,,,,,,,,,,,,,,,,,,,,,,,,,,,,x,,,,,,x,,,,,,,x,,,,,,,,,,,x,,,,,,,,,x,x,,,,,,,,,,,,,,,,,,,,,,,,,,x,,,,,,,,,,,,,,,x,,,,,,,,,,x,,,,,,,,,,,,,,,,,,x,,,,,,,,,,,,,,,,,,,,,,,,,,,x,,,,,,,,,,,,,,,x,,,,x,,,,,,,,,,,,,,,,,,,,,,,,,,,,,,,,,,,,,,,,,,,,,,
SUPERHOT,322500,5.7,,82,91,91,89,25695,2016-02-25,x,x,x,x,,,,x,,,x,x,x,,,,,,,,,,,,,x,,x,x,x,x,,,,x,,x,x,,,,x,,,,,,,,,,,,,,,,,,,,,x,,,,,x,,,,,,,,,,,,,,,,,,,,,x,,,,x,,,,,,,,,,,,,,,,,,,,,,,,,,x,,,,,,,,,x,,,,,,,,,,,,,,,,,,x,,,x,,,x,,,,,,,x,,,,,,,,,,,,,x,,,,,x,,,,,,,,,,,,,,,,,,,,,,x,,,,,,,,,,,,,,,,,,,,,,,,,,,,,,,,,,,,,,,,,,,,,,,,,x,,,,,,,,,,,,,,,,,,,,,,,,x,,,,,,x,x,,,,x,,,,,,,,,,,,,,,,,,,,,,,,,,,,,,,x,,,,,,,,,,,,,,,,,,,,x,,,,,,,,,
SUPERHOT VR,617830,1.91666666666667,,83,82,81,80,7315,2017-05-25,x,,,,,,,,,,x,,,,,,,,,,,,,,,,,,,,,,,,x,,x,,,x,,,,x,x,,,,,,,,,,,,,,,,,,x,,,,,x,,,,,,,,,,x,,x,,,,,,,,,x,,,,,,,,,x,,,,,,,,,x,,,,,,,,,,,,x,,,,,,,,,,,,,,,,,,,,,,,,,,,,,,x,,,x,,,,,,,,,,,,,,,x,,,,,,,,,,,,,,,,,,,,,,,,,,,,,,,,x,,,,,,,,,,,,,,,,,,,,,,x,,,,,,,,,,,,,,,,,,,,,,,,,,,x,,,,,,,,,,,,,x,,,,,,,,,,,x,,,,,,x,,,,,x,,,,,,,,,,,,,,,,,,,,,,,,,,,,,,,x,,,,,,,,,,,,,,,,,,,,,,,x,,,,,,
SUPERHOT: MIND CONTROL DELETE,690040,0.616666666666667,,78,85,84,83,8494,2020-07-16,x,x,x,x,,,,x,,,x,x,x,,,,,,,,,,,,,x,,,,,,,,,x,,x,x,,,,,,,,,,,,,,,,,,,,,,,,,x,x,,,,,,,,,,,,,,,,x,,,,x,,,,,x,,,,,,,,,x,,,,,,,,,,,,,,,,,,,,,x,,,,,,,,,x,,,,,,x,,,,,,x,,,,,,,,,x,,,x,,,,,,,,,,,,,,,,,,,,,,,,,,,,,,,,,,,,,,,,,,,,,,,x,,,,,,,,,,,,,,,,,,,,,,x,,,,,,,,,,,,,,,,,,,,,,,,,,,x,,,,,,,,,,,,,,,,,,,,,,,,,,,,,,x,,,,,x,,,,,,,,,,,,,,,,x,,,,,,,,,,,,,,,x,,,,,,,,,x,,,,,,,,,,,,,,,,,,,,
Tanks: The Crusades,1660910,0.0333333333333333,,,94,92,88,678,2021-06-24,x,x,x,x,,x,,,x,,,,,,,,x,,x,x,,x,,,,,,,,,,,,,x,,,,,,,,x,,,,,,,,,x,,,,,,,,,,,x,,,,,,,,,,,,x,,x,,,,,,,,,,,,,,,,x,,,,,,,,,,,,,,,,,,,,,,,,,,,,,,,,,,,,,,,,,,,,,,,,,,x,,,,,,,,,,x,,,,,,,,,,,,,,,,,,,,,,,,,x,,,,,,,,,,,,,,,,,,,,,x,,,,,x,,,,x,,,,,,,,,,,,,,,,,,,,,,,,,,,,,,,,,,,,,,,,,,x,x,,,,,,,,,,x,,,,,,,,,,,,,,,,,x,,,,,x,,,,,,,,,,,,,,x,,,,,,,,,,,x,,,,,,,,x,x,,,,,,,,,,,,,,,,,,,,,,,,,,
Team Fortress 2,440,47.45,,92,89,89,88,1137020,2007-10-10,x,,x,x,x,x,x,x,x,,,,x,,,x,x,,,,,x,,,x,,,x,x,x,,,,,,x,x,,,,,x,x,,,,x,x,x,,,,,,,,,,,,,,x,,,,,,,,,,,,,,,,,,,,,,,,,,,,x,x,,,,,,,,x,,x,,,,,,x,x,,,,,x,,,,,,,,,,,,,,,,,,,,,,,,,,,,,,,,,,,x,,,x,x,x,,,,,,,,,,,,,x,,,,,,,,,,,,,,,,,,,,,,,,,,,,,,,,,,,,,,,,,x,,,,,,,,,,,,,,,x,,,,,,,,,,,,,,,,,,,,,,,,,,,,,,,,,,,,,,,,x,,,,,,,,,,,,,,,x,,,,,,,,,,,,,,,,,,,,,,,,,,,,,x,,x,,,,,,,,,,,,x,,,,,,,,,,,,,,,,,,,,,,
Team Fortress Classic,20,0.0333333333333333,,,86,85,83,6419,1999-04-01,x,x,x,x,,x,,,,,x,,,,,,,,,,,x,,x,,,,x,,,,x,,x,,,,,,,,,,,,,,,,,x,,,,,,,,,,,,x,,,,,,,,,,,,,,,,,,,,,,,,,,,,,,,,,,,,,x,x,x,,,,,,,x,,,,,,,,,,,,,,,,,,,,,,,,,,,,,,,,,,,,,x,,,x,,,x,,x,,,,,,,,,,,,,x,,,,,,,,,,,,,,,,,,,,,,,,,,,,,,,,,,,,x,,,,,x,,,,,,,,,,,,,x,,x,,,,,,,,,,,,,,,,,,,,,,,,,,,,,,,,,,,x,,,x,,,,,,,,,,,,,,,,,x,,,,,,,,,,,,,,,,,,,,,,,,,,,,,,,x,,,,,,,,,,,,,,,,,,,,,,,,,x,,,,,,,,,
Terraria,105600,21.7666666666667,,83,97,97,96,1088742,2011-05-16,x,x,x,x,,x,,x,,,x,x,x,,,,,,,,,x,x,x,,,,x,x,x,x,,,,x,,x,x,,,,x,,,,,x,x,x,,,,x,,,,,,,,,,x,,,,,x,,,,,,,,,,,,x,,,,,,,x,,,,,,,,,,,,,,,x,,,,,,,,,,,,x,,,,,,,,,,,,,,,,,,,,,,,,,,,x,,,,,,,,,,,,,,,,,,,,,,,,,,,,,,,x,,,,,,,,,,,,,,,,,,,,,,,,,,,,,,,,,,,,x,,,,,,,,,,,,,,,x,x,x,,,,,,,,,,x,x,,,,,,,,,,,,,,,,,,,,,,,x,,,,,,,x,,,,,x,,,,,,,,,,,,x,,,,,,,,,,,,,,,,,,,,x,,,,,,,,,,,,,,,,,,,,,,,,,,,,,,,,,,,,,,,,
Tetris® Effect: Connected,1003590,1.15,,93,95,95,92,7102,2021-08-17,x,,,x,,x,,x,x,,x,x,,,,,,,,,,x,x,x,,,,x,,,,x,x,x,x,,x,x,,x,,,,,x,,,,,,,,,,,,,,,,,,,,,,,,,,,,,,x,,,,,x,,,,,,,,,,,,,x,,,,,,,,,,,,,,,,x,,x,,,,,,,,,,,,,,,,,,,,,,,,,,,,,,,,x,,,,,,,,,,,,,,,,,,,,,,,,,,,,,x,,,,,,,,,x,x,,,,,,,,,,,,,,,,,,,,,,,,,,x,,x,,,,,,,,,,,,,x,,,,,,,,,,,,,,,,,,,,,,x,,,x,,,x,,,,,,,,,,,,,,,,,,,,,,,x,,,,,,,,,x,,,,,,,,,,,,,,,,x,,,,,,,,,,,,,,,,,,,,,,,,,,,,,,x,,,,,,,,x,,,,,,
THE FINALS,2073850,0.333333333333333,,,77,77,76,215154,2023-12-07,x,,,x,,x,,x,x,,,x,,,,x,,,,,,x,x,x,,x,x,,,,,,,,,,x,,,,,,,,,,,,,,,,,,,,,,,,,,x,,,,,,,,,,,,,,x,,,x,,x,,,,,,,,,,,,,x,,,,,x,,x,,,,,x,,x,,,,,,,,,,,,,,,,,x,,,,,,,,,,,,,,,,,,,,,,,x,,,x,x,,,,,,,,,,,,,,,,,,,,,,,,,,,,,,,x,,,,,,,,,,,,,,,,,,,,,,,,x,,,,,,,,,,,,,,,x,,,,,,,,,,,,,,,,,,,,,,,,,,,,x,,,,,,,,,,,,,,,,,,,,,,,,,,,x,,,,,,,,,,,,,,,,,,,,,,,,,,,,,x,,x,,,,,,,,,,,,,,,,,,,,,,,,,,,,,,,,,,
The Forest,242760,3.33333333333333,,83,95,95,94,513313,2018-04-30,x,,,x,,x,,x,,,x,,x,,,,,,x,,,,x,,x,,,,,,,,,,x,,x,x,,,,,,,x,,x,x,x,,,,,,,,,,,,,,x,,,,,x,,,,,,,,,,,,x,,,,,,,x,,,,,,,,,,,,,,,,,,,,,,,,,,,x,,,,,,,,,,,,,,,,,,,,,x,,,,,,x,,,,,,,,x,,,,,,,,,,x,,,,,,,,,,x,,,x,,,,,,,,,,,,,,,,,,,,,,,,,,,,,,,,,,,,,,,,,,,,,,,,,,,,x,x,,,,,,,,,,,,,,,,,,,,,,,,,,,,,,,x,,,,,,,,,,,,,,,x,,,,,,,,,,,x,x,,,,,,,,,,,,,,,,,,,,x,x,,,,,,,,,,,,,,,,,,,,,,,,,,,,,,,,,,,,,,,x
The Jackbox Party Pack 4,610180,2.1,,,94,93,90,2319,2017-10-18,x,x,x,x,,x,,x,,,x,x,,,,,,,,,,x,,,,,,x,x,x,x,x,x,x,,,x,x,,,,x,,,,,,,,,,,,,,,,,x,,,,,,,,,,,,,,,,,,,,,,,,,,,x,,,,,,,x,,,,,,,,,x,,,,,,x,,,,,,,,,,,,,,,,,,,,,,,,,,,,,,,,,,,x,,,,,,,,,,,x,,,,,,,x,,,,,,,,,,,x,,,,,,,,,x,x,,,,,,,,,,,,,,,,,,,,,,,,,,x,,,,,,,,,,,,,,,,,,,,x,x,,,,,,,,,,,,,,,,,,,,,,,,,,,,,,,,,,,,,,,,,,,,,,,,,,,,,,,,,,,,,,,,,,,,x,,,,,,,,,,,,,,,,,,,,,,,,,,,,x,,,,,,,,,,,,,,,,,,
The Lab,450390,0.883333333333333,,,94,93,91,6266,2016-04-05,x,,,,,,,,,,,,,,,,,,,,,x,,,,,,,,,,,,,x,,,,,x,,,,x,x,,,,,,,,,,,,,,,,,,x,,,,,x,,,,,,,,x,,,,x,,,,,,,,,,,,,x,,,,,,,,,,,,,,,,,,,,,,,,,,,,,,,,,,,,,,,,,,,,,,,,,,x,,,,,,x,,,x,x,x,,,,,,,,,,,,,,,,,,,,,,,,,,,,,,,,,,,,,,,,,x,,,,,,,,,,,,,x,,,,,,,,,,,,,,,,,,,,,,,,,,,,,,,,,,,,,,,,x,,,,,,,,,,,,,,,,,,,,,,,x,x,,,,,,x,,,,x,x,,,,,,,,,,,,,,x,,,,,,,,,,,,,,,,,,,,,,,,,,,,,,,,,,,,,,,,x,,,,,,
The Witness,210970,0.566666666666667,,87,85,85,83,14669,2016-01-26,x,x,,x,x,,,x,,,x,,,,,,,,,,,,,,x,,,x,x,x,,,,,x,,x,x,,,,,,,,x,x,x,x,,,,,,,,,,,,,,,,,,,x,,,,,,,,,,,,x,,,,x,,,,,,,,,x,,,,,,,,,,,,,x,,,,,,,,,,,,,,,,,,,,,,x,,,,,,,,,,,,,x,,,,,,,,x,,,,,,,,,,,,x,,,,,,,,,,,x,,,,,,,,,,,,,,,,,,,,,,,,,,,,,,,,,,,,,,,,x,,,,,x,,,,,,,x,,,,,,,x,,,,,,,,,,,,,,,,,x,,,,,,,,,x,,,,,,,,,,,,,,,,,,,,,,,,,,x,,,,,,,,,,,,,x,,,,,,x,,,,,,,,,,,,,,,,,,,,,,,,,,,,,,,,,,,,x,,,,,
Titanfall® 2,1237970,4.61666666666667,,86,95,95,94,216026,2016-10-28,,,,x,,x,,x,,,,x,,,,,,,,,,x,,x,,,,x,x,x,x,,,,x,,x,,,,,x,,,,,,,,,,,,,,,,,,,,,x,,,,,,,,,,,,,,,,,,,,,,,,,,,,,,,,,,,,,,,x,,,,,x,,,,,,,,,,,,,,,,,,,,,,,,,,,,,,,,,,,,,,,x,,,x,,,x,,,x,,,,x,,,,,,,,x,,,,,,,,,,,,,,,,,,,,,,,,,,x,,,,x,,,,,,,,,,,x,,,,,,,,,,,,,,,,,,x,,,,,,,,,,,,,,,,,,,,,,,,,x,,,,,,,,,,,,,,,,,,,,,x,,,,,,x,,,,,x,,,,,,,,,,,,,,,,,,,,,,,,,,x,,,,,,x,,,,,,,,,,,,,,,,,,,x,,,,,,,,,
tModLoader,1281930,16.1833333333333,,,97,97,96,292068,2020-05-16,x,x,x,x,,x,,,,,,,,,,,,,,,,x,x,x,,,,,,,,,,,x,,,x,,,,,x,,,,,,,,,,x,,,,,,,,,,x,,,,,x,,,,,,,,,,,,,,,,,,,x,,,,,,,,,,,,,,,x,,,,,,,,,,,,,,,,,,,,,,,,,,x,,,,,,,,,,,,,,,,,,,,,,,,,x,,,,,,,,x,,,,,,,,,,,x,,,,,,,,,,,,,,,,,,,,,,,,,,,,,,,x,x,,,,x,,,,,,,,,,,,,,,x,,x,,,,,,,,,,x,,,,,,,,,,,,,,,,,,,,,,,,x,,,,,,,x,,,,,x,,,,,,,,,,,,x,,,,,,,,,,,,,,,,,,,,x,,,,,,,,,,,,,,,,,,,,,,,,,,,,,,,,,,,,,,,,
Tom Clancy's Rainbow Six Siege - Test Server,623990,0.0166666666666667,,,,,,,,,,,,,,,,,,,,,,,,,,,,,,,,,,,,,,,,,,,,,,,,,,,,,,,,,,,,,,,,,,,,,,,,,,,,,,,,,,,,,,,,,,,,,,,,,,,,,,,,,,,,,,,,,,,,,,,,,,,,,,,,,,,,,,,,,,,,,,,,,,,,,,,,,,,,,,,,,,,,,,,,,,,,,,,,,,,,,,,,,,,,,,,,,,,,,,,,,,,,,,,,,,,,,,,,,,,,,,,,,,,,,,,,,,,,,,,,,,,,,,,,,,,,,,,,,,,,,,,,,,,,,,,,,,,,,,,,,,,,,,,,,,,,,,,,,,,,,,,,,,,,,,,,,,,,,,,,,,,,,,,,,,,,,,,,,,,,,,,,,,,,,,
Tom Clancy's Rainbow Six® Siege,359550,68.3333333333333,,,84,84,83,1147437,2015-12-01,x,,,,,x,,x,,,,x,x,,,x,,,,,,x,x,x,,x,x,x,x,x,,,,,x,,,,,,,x,,,,x,x,x,x,,,,,,,x,,,,,,,x,,,,,,,,,,,,,,,,,,,,,,,,,,,,,,,,,,,,,,,x,,,,,,,x,,,,,,,,,,,,,,,,,x,,x,,,,,,,,,,,x,,,,,,,,,,x,,,x,,,,,,,,,,,,,,,x,,,,,,,,,,,,,,,,,,,,,,,,,,,,,,x,,,,,,,,,,,x,,,,,,,,,,,,,,,x,,,,,,,,,,,,,,,,,,,,,,,,,,,,x,,,,,x,,,,,,,,,,,,,,,,,,,,,,x,,,,,,,,,,,,,,,,,,,x,,,,,,,,,,x,,x,,,,,,,,,,,,,,,,,,,,,,,,,,,,,,x,,,,
Toribash,248570,0.133333333333333,,,88,88,86,16614,2006-03-01,x,x,x,x,,,,,x,,,,,,,x,x,,,,,x,,x,,,,,,,,,,,x,,x,x,,,,x,,,,,,,,,,,,,,,x,,,,,,x,,,,,,,,,,,,,,,,,,,,,,x,,,,,,,,,,,,,,,,,,,,,,,,,,,,,,,,,,,,,,,,,,,x,,,,,,,,,,,,,,,,,,,,x,,,,,x,x,,,,,x,,,,,,,,,,,,,x,,,,,,,,,,,,,,,,,,x,,,,,,,,,,,,,,x,,,,x,,,,,,,,,,,,,,,,,,x,,,,,,,x,,,,,,,,,,,,,,,,,,,,,,,,,,,,,,,,,,,,,,x,,,,,,,,,,,x,x,,,,,,,,,,,,,,x,,,,,,,,,,,,,,,,,,,,,,,,,,,,,x,x,,,,,,,,,,,,,,,,
Total War: WARHAMMER II,594570,0.416666666666667,,87,93,93,92,83868,2017-09-28,x,x,x,x,,x,,,,,x,,,,,,,,x,x,,x,x,x,,,,x,,x,,,,,x,,x,,,,,x,x,,,,,,,,,,,,,,,,,,,,x,,,,,,,,,,,,,,,,,x,,,,,,,,,,,,,,,,,,,,,,x,,,,,,,,,,,,,,,,,,,x,,,,,,,,x,,,,x,,,,,,,,,,,x,,,,,,,,,,,,,x,,,x,x,,,,,,,,,,,,,,,,,,,,,,,,,,,,,,,,,,,,,,,,,,,,,,,x,,,,,,,,,,,,,,,,,,,,,,,,,,,,,,,,,,,,,,,,,,,,,,x,,,,,,,,,,,,,,x,,,,,,,,,,,,,,,x,,,,,,,,,,,,,x,x,,,,,,,,,,x,,,,,,,,,,,,,,,,,,,x,x,,,,,,,,,,,,x,,,,
Totally Accurate Battlegrounds,823130,0.216666666666667,,,88,88,87,86297,2018-06-05,x,,,x,,x,,,,,,,x,,,x,,,,,,x,,x,,,,,,,,,,,,,,,,,,,,,,,,,,,,,,,,,,,,,,,x,,,,,,,,,,,,,,,,,,,x,,,,,,,,,,,,,x,,,,,,,x,,,,,,,,,,,,,,,,,,,,,,,,,,,,,,,,,,,,,,,,,x,,,,,,,,,x,,,,,,,,,,,,,,,,,,,,x,,,,,,,,,,,,,,,,,,,x,,,,x,,,,,,,,,,,,,x,,,,,,,,,,,,,,,,x,,,x,,,,,,x,,,,,,,,,,,,,,,,,,x,,,,,,,,,,,,,,,,,,,,x,,,,,,,x,,,,x,,,,,,,,,,,,,,,x,,,,,,x,,,,,,x,,,,,,,,,,,,,,,,,,,,,,,,,,,,,,,,,,
Townscaper,1291340,3.48333333333333,,,96,96,94,19253,2021-08-26,x,x,,x,,,,x,,,x,x,x,,,,,,,,,,,,,,,,,,,,,,x,,,,,,,,,,,,,,,,,,,,,,,,,,,,,,,,,,,,,,,,,,,,,x,,,,,,,x,,,,,,x,,,,,,x,,,,,,,x,,,,,x,,,,,,,x,,,,,,,,,,,,,,,,,,,,,,x,,,x,,,,,,,,,,,,,,,,,,,,,,,,,,,,,x,,,,,,,,,,,,,,,,,,,,,,,,,,,x,,,,,,,,,,,,,,x,,,,,,,,,,,x,,,,,,,,,,,,,,,,,,,x,,,,,,,,,,,,,,x,,,,,,,,,,,,,,x,,,,,,,,x,,,x,x,,,,,,,,,,,,,,,,x,,,,,,,,,,,,,,,,,,,,,,,,,,,,,,,,,,,,,,,,,,,,
Train Simulator Classic 2024,24010,1.93333333333333,,,72,71,71,18171,2009-07-12,x,,,x,,,,x,,,x,x,,,,x,,,,,,,,,,,,,,,,,,,x,,x,x,,x,,x,x,,,,x,,x,,,,,,,,,,,,,,x,,,,,x,,,,,,,,,,,,x,,,,,,,x,,,,,,x,,,,,,x,,,,,,,,,,,,,,,,,,,,,,,,,,,,,,,,x,,,,,,,,,,,,,,,,,,,,,,,,,,,,,,,,,,,,,,,,,,,,,,,x,,,,,,,,,,,,,,,,,,,,,,,,,,x,,,,,,,,,,,,,,,,,,,,x,,,,,,,,,,,,,,,,,,,,,,,,,,,,,,,,x,x,,,,,,,,,,,,,,x,,,,,,,,,,,x,x,,,,,,,,,,,,,,x,,,,,,,,,,,,,,,,,,,,,,,x,,x,,x,,,,,,,,,,,,,x,,,,,,
Train Valley,353640,5.56666666666667,,69,89,88,85,2484,2015-09-16,x,x,x,,,,,,,,x,,,,,,,,,,,,,,,,,,,,,,,,x,,x,x,,,,x,,,,,,,,,,,,,,x,,,,,,,,,,,,,,,,,,,,,,,,,,,,,,,x,,,,,,x,,,,,,,,,,,,,,,,,,,,,,,,,x,,,,,,,,,,,,,,,,,,,,,,,,,x,,,,,,,,,,,,,,,,,,,,,,,,,,,,,x,,,,,,,,,,,,,,,,,x,,,,,,,,,,,,,,,,,x,,,,,,,,,,,,,,,,,,,,,,,,,,,,,,,,,,,,,,,,,,x,,,,,,,x,,x,,x,x,,,,,,,,,,,,,,,,,,,,,,x,x,,,,,,,,,,,,,,x,,,,,,,,,,,,,,,,x,,,x,,,,,,x,,x,,,,,,,,,,,,,,,,,,,
Train Valley 2,602320,,,,91,90,87,2058,2019-04-15,x,x,x,x,,,,x,,,x,x,x,,,,x,,,,,,,,,x,x,x,,,x,,,,x,,x,x,x,,,x,x,,,,,,,,,,,,,x,,,,,,,,,,,,,,,,,,,,,,,,,,,,,,,x,,,,,,x,,,,,,,,,,,,,,,,,,,,,,,,,,,,,,,,,,,,,,x,,,,,,,,,,,,x,,,,,,,,,,,,,,,,,,,,,,,,,,,,,x,,,,,,x,,,,,,,,,,,x,,,,,,,,,,x,,,,,,,,,,x,,,,,,,,,,,,,,,,,,,,,,,,,,,,,,,,,,,,,,,x,,,,x,,x,,,x,,,,,,,,,,,,,,,,,,,,,,,,,x,x,,,,,,,,,,,,,,x,,x,,,,,,,,,,,,,,,,,,,,,,,x,,x,,,,,,,,,,,,,,,,,,,
Transport Fever 2,1066780,57.3166666666667,,76,89,89,87,21307,2019-12-11,x,x,x,x,,,,x,,,x,x,x,,,,,,,,,,,,,x,x,,,,,,,,x,,x,,,,,,x,,,,,,,,,,,,,,,,,,,,,,,,,,,,,,,,,,,,,,,,,,,,x,,,,,,x,,,,,,x,,,,,,,,,,,,,,,,,,,,,,,,,,,,,,,,,,,,,x,,,,,,,,,,,,,,,x,,,,,,x,,,,,,,,,,,,,,,x,,,,,,,,,,,,,,,,,x,,,,,,,,,,,,,,x,x,,,,,,,,,,x,,,,,,,,,,x,,,,,,,,,,,,,,,,,,,,,,,,,,,,,,,,x,,,,x,,,,,,,,,,,x,,,,,,,,,,,x,x,,,,,,,,,,,,,,x,,,,,,,,,,,,,,,,,,,,,,,,,x,,x,,,,,,,,,,,,,,,,,,,
UNO,470220,3.65,,,72,72,71,39140,2016-12-08,x,,,x,,x,,x,,,x,x,x,x,,,,,,,,x,x,x,,,,x,x,x,x,x,x,x,x,,,,,,,x,,,,,,,,,,,,,,,,,,,,,x,,,,,,,,,,,,,,,,,,,,,,,x,,,,x,,,x,,,,,,,,x,x,,,,,,,x,,,,,,,,x,,,,,,,,,,,,,,,,,,,,,,,,,,x,,,,,,,,,,,x,,,,,,,,,,,,,,,,,,,,,,,,,,,,x,,,,,,,,,,,,,,,,,,,,,,,,,,x,,,,,,,,,,,,,,,x,,,,,,x,,,,,,,,,,,,,,,,,,,,,,x,,,,,,,,x,,,,,,,,,,,,,,,,,,,,,,,,x,,,,,,,,,,,,,,x,,,,,,,,,x,,,x,,,,,,,,,,,,,,,,,,,,,,,,,,,,,,,,,,
Untitled Goose Game,837470,1.68333333333333,,79,95,95,93,18737,2020-09-23,x,x,,x,,x,,x,,,x,x,x,,,,,,,,,x,,,,x,,x,x,x,x,x,x,,x,,x,x,,,,,,,,,,,,,,,,,,,,,,,,,x,,,,,x,,,,,,,,,,,,,,,,,,,,,,,,,,,,,,,,,,x,,,,x,,x,,,,,,,,,,x,,,,,,,,,,,,,,,,,,,,,,,,,x,,,,,,,,,,,x,,,,,,,,,,,,,,,,,,x,,,,,,,,,x,x,,,,,,,,,,,,,,,,,,,,,,,,,,x,,,,,,,,,,,,,,,,,,,,,,,,,x,,,,,,,,,,,,,,,x,,,,,,,,,,,,,,,,,,,,,,,x,,,,,,,,,,,x,x,,,,,,,,,,,,x,,,,,,,,,,,,,,,x,,,,,,,,,,,,,,,,,,,,,,,x,,,,,,,,,,
Unturned,304930,,,,91,91,90,550575,2017-07-07,x,x,x,x,,x,,,,,,,x,,,x,x,,x,x,,x,x,x,,,,x,,x,,,,,x,x,x,x,,,,x,x,,,,,,,,,,,,,,,,,,,,x,,,,,x,,,,,,,,,,,,x,,,,,,,,,,,,,x,,,,,,,,,x,,,,,,,,,,,,x,,,,,,,,,,,,,,,,,,,,,,,,,,,,,,,,,,,x,,,x,x,,,,,,,,,,,,,,,,,,,x,,,,,,,,,,,,,x,,,,,,x,,,,,,,,,,,,,,,,,x,,,,,,,,,,,,,,,,x,,,,,,,,,,,,,,,,,x,,,,,,,,,,,,,,,,,,,,,,,,,,,,,,x,,,,,,,x,,,,,x,,,,,,,,,,,,,,,,,,,,x,,,,,,,,,,,,,,,,,,,,,,,,,,,,,,,,,,,,,,,,x
VA-11 Hall-A: Cyberpunk Bartender Action,447530,,,77,97,97,95,30930,2016-06-21,x,,x,x,,,,,,,x,,,,,,,,,,,,,,,,,x,x,x,,,,,x,,x,x,,,,x,,,,,,,,,,,x,,,,,,,,,,,,,,,x,,,,,,x,,,,,,,,,,,,,,,,,,,x,,,x,,,,,,,,,,,,,,,,,,,,,,x,x,,,,,,,,,,,,,,,x,,,,,,,,,,,,,x,,,,,,,x,,,,,,,,,,,,,,,,,,,,,,,,,x,x,,,,,,,,,,,,,,,x,,,,,,,,,,,,,,,,,,,,,,,,,,,,,,,,,,,,,,,,x,,x,,,,,,,,,,,,,,,,,,,,,,,,,,,,,,,,,,,x,,,,,,,,,,x,,,,,,,,,,,,,,x,,,,,,,,,,,,,,,,,,,,,,,,,,,x,,,,,,,,,,,,x,,,,,,,,
VRChat,438100,28.4833333333333,,,75,75,74,232055,2017-02-01,x,,,x,,x,,x,x,x,,x,,,,x,,,,,x,x,x,x,,x,x,,,,,,,,,,,,,,,,,,x,,,,,,,,,,,,,,,,,,x,,,,,x,,,,,,x,,,,,,x,,,,,,,,,,,,,x,,,,,,,,,,,,,,,x,,,,,,,,,,,,,,,x,,,,,,,,,,,,x,,,,,,,,,,,,,,x,,,,x,x,,,,,,,,,,,,,,,,,,,,,,,,,,,,,,,,,,,,,x,,,,x,,,,,,x,,,,,,,x,,,,,,,,,,,,,,,,x,,,,,,,,,,,,,,,,,,,,,,,,,,,,,,,,,,,,,,,,,,,,,,,x,,,,,,,,,,,x,,,,,,,,,,,,,,,,,,,,,,x,,,,,,,,,,,,,,,,,,,,,,,,,,,,,,,,,x,,,,,,
Wallpaper Engine,431960,22.2666666666667,,,98,98,97,793477,2018-11-01,x,,,,,,,,,,,,,,,,x,,,,,,,,,,,,,,,,,,,,x,,,,,x,x,,,,,,,,,,,,,,,,,,,,x,,,,,,,,,,x,x,,,,,,,,,,,,,,,,,,,,,,,,,,,,,,,,,,,,,,,,,,,,x,,,,,,,x,,,,,,,,,,x,,,,,,,,,,,,,,x,,,,,x,,x,,x,,,,,,,,,,,x,,,x,,,,,,,,,,,,,,,,,,,,x,,,x,,,,,,,,,,,,,,,,,,,,,,,,x,,,,,,,,,,,,,x,,,,,,,,,,,,,,,,,,,,,,,,,,,,,,,,,,,,,,,x,,,,,,,,,,,,x,,,x,,,,,,,,,,,,,,,,,,,,,,,,,,,,,,,,,,,,,,,,,,,,,x,,,,,,,,,,,,
War Thunder,236390,7,,81,73,73,73,583074,2013-08-15,x,x,x,x,,x,,x,x,,,x,x,,,x,,,,,x,x,x,x,,x,x,x,x,x,,,,,x,,x,,x,,,,,,,,x,,x,,,,,,,,,,,,,,x,,,,,,,,,,,,,,,,,,,,,,,,,,,,,,,,,,,,,,,,,x,,,x,,,,,,,,,,,,,,,,,,,,,,,,,,,,,,,,,,,,,,,,,,,,x,,x,,,,,,,,,,,,,,,,,,,,,,,,,,,,,,,,,,,,,,x,,,,,,x,,,,,,,,x,,,x,,,,,,,x,,,,,,,,,,,,,,,,,,,,,,,,,,,,,,,,,,,,,,,,,x,,,,,,,,,,,,,,,,,,,,,,x,,,,x,,,,,,,,,,,,,,,,,,,,,,,,,,x,,x,x,,,,,,,,,,,,,,,,,,,,,x,,,,,x,,x,,,x,
WEBFISHING,3146520,0.0666666666666667,,,98,98,96,48698,2024-10-11,x,,,,,x,,,,,x,,,,,,,,,,,x,x,,,,,,,,,,,,x,,x,,,,,,,,,,,,,,,,,,,x,,,,,,,,,,,,,,,,,,,,,,,,,,,,,,,,,,,x,,x,,x,,,,,,,x,,,x,x,,,,,,,,,x,,,x,,,,,,,,,,,,,,,,,,,,,,,,,,,,,,,,x,,,,,,,,,,,,,,,,,,,,,,x,,,,,,,x,,,,,,,,,,,,,,,,,,,,,,,,,,,,,x,,,,,,,,,x,,,,,,x,,,,,,,,,,,,,,,,,,,,,,,,x,,,,,,,,,,,,,,,,,,,,,,,,x,,,,,,,,,,,,x,,,,,,,,,,,,,,,,x,,,,,,,,,,,x,,,,,,,,,,,,,,,,,,,,,,,,,,,,,,,,,
With You,1860570,,,,88,87,84,2475,2022-03-07,x,x,x,x,,x,,,,,,,,,,,,,,,,,,,,,,x,,,,x,x,,,,,,,,,,,,,,,,,,,,x,,x,,,,,,,x,,,,x,,x,,,,,,,x,,,,,,,,,,,,,,,,x,x,x,,,,,,,,,,x,,,x,,,,,,,,,,,,x,,,,,,,,,,,,,,,,,,,,x,,,x,,,,,,,,,,,,,,,,,,,,,,,x,,,,,,,,,,,,,,,,,x,,,,,,,,,,,,,,,,,,x,,,,,,,,,,,,,,,,,,,,,,,,,,,,,,,,,,,,,x,,,,,,,,,,,,,x,,,,,,,,,,,,,,,,,,,,,,,,,,,,,,,x,,,,,,,,,,,,,,,,,,,,,,,,,,,,,,,,,,,,,,,,,,,,,,,,,,,,,,,,,,,,,,,
World of Tanks Blitz,444200,,,,79,79,78,145302,2016-11-09,x,x,,x,,x,,,x,,,,x,,,x,,,,,x,x,x,x,,,,,,,,,,,,,,,,,,x,,,,,,,,,,,,,,,,x,,,,,x,,,,,,,,,,,,,,,,,,,,,,,,,,,,,,,,,,,,,,,,,,,,,,x,,,,,,,,,,,,,,,,,,,,,,,,,,,,,,,,,,,,,,,,,,,x,x,,,,,,,,,,,,,,,,,,,,,,,,,,,,,,,,,,,,,,x,,,,,,x,,,,,,,,,,,x,,,,,,,,,,,,,,,x,,,,,,,,,,,,,,,,,,,,,,,,,,,,x,,,x,,x,,,,,,,,,,,,,,,,,,,,,,x,,,,,x,,,,,,,,,,,,,,x,,,,,,,,,,,x,x,,,,,,,,,,,,,,,,,,,,,,,x,,,,,,,x,,,x,
